vectorName,abmessungen_Lange,starrflugler,tragflachen,triebwerke,rumpf,leitwerk,drehflugler,drehflugler_Rumpf_Cockpit,doppeldecker,tragflachen_Stellung_Gerade,hochDecker,triebwerke_triebwerksart,rumpf_Rumpfformen,drehflugler_Rotor,drehflugler_Triebwerk,drehflugler_Rumpf,drehflugler_Heckausleger,drehflugler_Triebwerk_Lufteinlass,drehflugler_Triebwerk_Luftauslass,zusatzinformationen_Familie,drehflugler_Rotor_EinzelRotor_Rotorblatter,drehflugler_Triebwerk_Position_UberdemRumpf_Anzahl,result
A-109 A HIRUNDO,11.45,0,0,0,0,0,1,1,0,0,0,0,0,1,1,1,1,1,1,A-109 HIRUNDO Serie,4,2,1
A-109 A II HIRUNDO,11.45,0,0,0,0,0,1,1,0,0,0,0,0,1,1,1,1,1,1,A-109 HIRUNDO Serie,4,2,1
A-109 BA HIRUNDO,11.45,0,0,0,0,0,1,1,0,0,0,0,0,1,1,1,1,1,1,A-109 HIRUNDO,4,2,1
A-109 C HIRUNDO,11.45,0,0,0,0,0,1,1,0,0,0,0,0,1,1,1,1,1,1,A-109 HIRUNDO Serie,4,2,1
A-109 E HIRUNDO,11.45,0,0,0,0,0,1,1,0,0,0,0,0,1,1,1,1,1,1,A-109 HIRUNDO Serie,4,2,1
A-109 E LOH HIRUNDO,11.45,0,0,0,0,0,1,1,0,0,0,0,0,1,1,1,1,1,1,A-109 HIRUNDO Serie,4,2,1
A-109 E LUH HIRUNDO,11.45,0,0,0,0,0,1,1,0,0,0,0,0,1,1,1,1,1,1,A-109 HIRUNDO,4,2,1
A-109 K2 HIRUNDO,11.45,0,0,0,0,0,1,1,0,0,0,0,0,1,1,1,1,1,1,A-109 HIRUNDO Serie,4,2,1
A-10 THUNDERBOLT II,16.26,1,1,1,1,1,0,0,0,1,0,1,1,0,0,0,0,0,0,NoValue,-1,-1,0
A-122 A UIRAPURU,6.6,1,1,1,1,1,0,0,0,0,0,1,1,0,0,0,0,0,0,A-122 Serie,-1,-1,0
A-122 B UIRAPURU,-1,1,1,1,1,1,0,0,0,0,0,1,1,0,0,0,0,0,0,A-122 Serie,-1,-1,0
A-129 A MANGUSTA ,14.29,0,0,0,0,0,1,1,0,0,0,0,0,1,1,1,1,1,1,A-129,5,-1,1
A-129 MANGUSTA,14.29,0,0,0,0,0,1,1,0,0,0,0,0,1,1,1,1,1,1,A-129,5,-1,1
A-1 SKYRAIDER,11.84,1,1,1,1,1,0,0,0,0,0,1,1,0,0,0,0,0,0,NoValue,-1,-1,0
A-20 Aeroprakt,6.72,1,1,1,1,1,0,0,0,1,1,1,1,0,0,0,0,0,0,NoValue,-1,-1,0
A-22 FOXBAT Aeroprakt,6.3,1,1,1,1,1,0,0,0,0,1,1,1,0,0,0,0,0,0,NoValue,-1,-1,1
A-24 VIKING Aeroprakt,7.28,1,1,1,1,1,0,0,0,1,1,1,1,0,0,0,0,0,0,NoValue,-1,-1,0
A-29 A SUPER TUCANO,11.33,1,1,1,1,1,0,0,0,0,0,1,1,0,0,0,0,0,0,TUCANO,-1,-1,0
A-29 B SUPER TUCANO,11.33,1,1,1,1,1,0,0,0,0,0,1,1,0,0,0,0,0,0,TUCANO,-1,-1,0
A-36 HALCON II,12.5,1,1,1,1,1,0,0,0,0,0,1,1,0,0,0,0,0,0,NoValue,-1,-1,0
A-4 N SKYHAWK,12.22,1,1,1,1,1,0,0,0,1,0,1,0,0,0,0,0,0,0,A-4 SKYHAWK,-1,-1,0
A-50 Ehl MAINSTAY,49.59,1,1,1,1,1,0,0,0,0,1,1,1,0,0,0,0,0,0,A-50 MAINSTAY,-1,-1,1
A-5 C FANTAN,15.65,1,1,1,1,1,0,0,0,1,0,1,1,0,0,0,0,0,0,Q-5 FANTAN,-1,-1,0
A-6 E INTRUDER,16.69,1,1,1,1,1,0,0,0,1,0,1,1,0,0,0,0,0,0,A-6 INTRUDER,-1,-1,0
A-7 H CORSAIR II,14.06,1,1,1,1,1,0,0,0,0,1,1,1,0,0,0,0,0,0,A-7 CORSAIR II,-1,-1,1
AB-139 (AW-139),13.83,0,0,0,0,0,1,1,0,0,0,0,0,1,1,1,1,1,1,NoValue,5,2,1
AB-204,12.69,0,0,0,0,0,1,1,0,0,0,0,0,1,1,1,1,1,1,Bell UH-1,2,1,1
AB-205,12.77,0,0,0,0,0,1,1,0,0,0,0,0,1,1,1,1,1,1,Bell UH-1,2,1,1
AB-206 A,9.89,0,0,0,0,0,1,1,0,0,0,0,0,1,1,1,1,1,1,AB-206,2,1,1
AB-206 C-1,9.89,0,0,0,0,0,1,1,0,0,0,0,0,1,1,1,1,1,1,AB-206,2,1,1
AB-212 AM,12.7,0,0,0,0,0,1,1,0,0,0,0,0,1,1,1,1,1,1,Bell UH-1,2,2,1
AB-212 ASW,12.7,0,0,0,0,0,1,1,0,0,0,0,0,1,1,1,1,1,1,Bell UH-1,2,2,1
AB-412,12.92,0,0,0,0,0,1,1,0,0,0,0,0,1,1,1,1,1,1,Bell UH-1,4,2,1
AC-130 H SPECTRE,29.8,1,1,1,1,1,0,0,0,1,1,1,1,0,0,0,0,0,0,C-130,-1,-1,0
ADAM A500,11.19,1,1,1,1,1,0,0,0,1,0,1,1,0,0,0,0,0,0,NoValue,-1,-1,0
ADS-95 RANGER,4.61,1,0,1,1,1,0,0,0,0,0,1,1,0,0,0,0,0,0,NoValue,-1,-1,0
AEW-1 SENTRY,46.61,1,1,1,1,1,0,0,0,1,0,1,1,0,0,0,0,0,0,E-3 SENTRY,-1,-1,0
AH-1 F COBRA,13.87,0,0,0,0,0,1,1,0,0,0,0,0,1,1,1,1,1,1,AH-1 COBRA,2,-1,1
AH-1 W SUPER COBRA,13.87,0,0,0,0,0,1,1,0,0,0,0,0,1,1,1,1,1,1,AH-1 COBRA,2,-1,1
AH-1 Z VIPER,13.87,0,0,0,0,0,1,1,0,0,0,0,0,1,1,1,1,1,1,AH-1 Cobra Serie,4,-1,1
AH-2 ROOIVALK,16.39,0,0,0,0,0,1,1,0,0,0,0,0,1,1,1,1,1,1,NoValue,4,-1,1
AH-60 ARPIA,15.26,0,0,0,0,0,1,1,0,0,0,0,0,1,1,1,1,1,1,UH-60 BLACK HAWK Serie,4,2,1
AH-64 A APACHE,14.97,0,0,0,0,0,1,1,0,0,0,0,0,1,1,1,1,1,1,AH-64 APACHE,4,-1,1
AH-64 D LONG BOW,14.97,0,0,0,0,0,1,1,0,0,0,0,0,1,1,1,1,1,1,AH-64 APACHE,4,-1,1
AH-64 D LONG BOW (ex. APACHE),14.97,0,0,0,0,0,1,1,0,0,0,0,0,1,1,1,1,1,1,AH-64 APACHE,4,-1,1
AH-6 LITTLE BIRD,7.6,0,0,0,0,0,1,1,0,0,0,0,0,1,1,1,1,1,1,HD-500 / MD-500 CAYUSE,5,-1,1
AH-7 LYNX,10.85,0,0,0,0,0,1,1,0,0,0,0,0,1,1,1,1,1,1,Lynx,4,2,1
AH-9 LYNX,10.85,0,0,0,0,0,1,1,0,0,0,0,0,1,1,1,1,1,1,Lynx,4,2,1
Airbus A-300,53.62,1,1,1,1,1,0,0,0,0,0,1,1,0,0,0,0,0,0,Airbus 300,-1,-1,0
Airbus A-300-325 ET,46.66,1,1,1,1,1,0,0,0,0,0,1,1,0,0,0,0,0,0,Airbus A-300 Serie,-1,-1,0
Airbus A-300-600 R,54.08,1,1,1,1,1,0,0,0,0,0,1,1,0,0,0,0,0,0,Airbus A-300 Serie,-1,-1,0
Airbus A-300-608 ST BELUGA,56.16,1,1,1,1,1,0,0,0,0,0,1,1,0,0,0,0,0,0,Airbus A-300,-1,-1,0
Airbus A-300 B2,53.62,1,1,1,1,1,0,0,0,0,0,1,1,0,0,0,0,0,0,Airbus 300,-1,-1,0
Airbus A-300 B2-101,54.1,1,1,1,1,1,0,0,0,0,0,1,1,0,0,0,0,0,0,A-300,-1,-1,0
Airbus A-300 B4,53.62,1,1,1,1,1,0,0,0,0,0,1,1,0,0,0,0,0,0,Airbus 300,-1,-1,0
Airbus A-300 F4 ,54.08,1,1,1,1,1,0,0,0,0,0,1,1,0,0,0,0,0,0,Airbus 300,-1,-1,0
Airbus A-310,46.66,1,1,1,1,1,0,0,0,0,0,1,1,0,0,0,0,0,0,Airbus 300,-1,-1,0
Airbus A-310-304,46.66,1,1,1,1,1,0,0,0,0,0,1,1,0,0,0,0,0,0,A-310 Familie,-1,-1,0
Airbus A-310-304F,46.66,1,1,1,1,1,0,0,0,1,0,1,1,0,0,0,0,0,0,Airbus A-310,-1,-1,0
Airbus A-310-324,46.66,1,1,1,1,1,0,0,0,0,0,1,1,0,0,0,0,0,0,A-310 Familie,-1,-1,0
Airbus A-310 MRT,46.66,1,1,1,1,1,0,0,0,1,0,1,1,0,0,0,0,0,0,Airbus A-310,-1,-1,0
Airbus A-318,31.45,1,1,1,1,1,0,0,0,0,0,1,1,0,0,0,0,0,0,Airbus-320,-1,-1,0
Airbus A-319,33.84,1,1,1,1,1,0,0,0,0,0,1,1,0,0,0,0,0,0,Airbus-320,-1,-1,0
Airbus A-320,37.57,1,1,1,1,1,0,0,0,0,0,1,1,0,0,0,0,0,0,Airbus-320,-1,-1,0
Airbus A-321,44.51,1,1,1,1,1,0,0,0,0,0,1,1,0,0,0,0,0,0,Airbus-320,-1,-1,0
Airbus A-330,58.37,1,1,1,1,1,0,0,0,0,0,1,1,0,0,0,0,0,0,Airbus 330,-1,-1,0
Airbus A-330-200,58.37,1,1,1,1,1,0,0,0,0,0,1,1,0,0,0,0,0,0,A-330,-1,-1,0
Airbus A-330-200 F,58.37,1,1,1,1,1,0,0,0,0,0,1,1,0,0,0,0,0,0,A-330,-1,-1,0
Airbus A-330-202,58.37,1,1,1,1,1,0,0,0,0,0,1,1,0,0,0,0,0,0,A-330,-1,-1,0
Airbus A-330-220 MRTT,59,1,1,1,1,1,0,0,0,0,0,1,1,0,0,0,0,0,0,Airbus A-330,-1,-1,0
Airbus A-330-300,63.66,1,1,1,1,1,0,0,0,0,0,1,1,0,0,0,0,0,0,A-330,-1,-1,0
Airbus A-340,59.4,1,1,1,1,1,0,0,0,0,0,1,1,0,0,0,0,0,0,Airbus-340,-1,-1,0
Airbus A-340-200,59.4,1,1,1,1,1,0,0,0,0,0,1,1,0,0,0,0,0,0,Airbus-340,-1,-1,0
Airbus A-340-300,63.6,1,1,1,1,1,0,0,0,0,0,1,1,0,0,0,0,0,0,Airbus-340,-1,-1,0
Airbus A-340-500,67.9,1,1,1,1,1,0,0,0,0,0,1,1,0,0,0,0,0,0,Airbus-340,-1,-1,0
Airbus A-340-600,75.3,1,1,1,1,1,0,0,0,0,0,1,1,0,0,0,0,0,0,Airbus-340,-1,-1,0
Airbus A-380,72.75,1,1,1,1,1,0,0,0,0,0,1,1,0,0,0,0,0,0,Airbus A-380,-1,-1,0
Airbus A-380-841,72.75,1,1,1,1,1,0,0,0,0,0,1,1,0,0,0,0,0,0,NoValue,-1,-1,0
Airbus A-400M,45.1,1,1,1,1,1,0,0,0,0,1,1,1,0,0,0,0,0,0,A-400,-1,-1,1
Alpha Jet A,12.46,1,1,1,1,1,0,0,0,0,1,1,1,0,0,0,0,0,0,ALPHA JET,-1,-1,1
Alpha Jet B,12.46,1,1,1,1,1,0,0,0,0,1,1,1,0,0,0,0,0,0,ALPHA JET,-1,-1,1
Alpha Jet D,12.46,1,1,1,1,1,0,0,0,0,1,1,1,0,0,0,0,0,0,ALPHA JET,-1,-1,1
AMF CHEVVRON 2-32,-1,1,1,1,1,1,0,0,0,0,0,1,1,0,0,0,0,0,0,NoValue,-1,-1,0
AMX A,13.23,1,1,1,1,1,0,0,0,1,1,1,1,0,0,0,0,0,0,AMX Serie,-1,-1,0
AMX A-1 A,13.23,1,1,1,1,1,0,0,0,1,1,1,1,0,0,0,0,0,0,AMX Serie,-1,-1,0
AMX A-1 B,13.23,1,1,1,1,1,0,0,0,1,1,1,1,0,0,0,0,0,0,AMX Serie,-1,-1,0
AMX T,13.23,1,1,1,1,1,0,0,0,1,1,1,1,0,0,0,0,0,0,AMX Serie,-1,-1,0
AN-124-100-150 CONDOR,73.3,1,1,1,1,1,0,0,0,0,1,1,1,0,0,0,0,0,0,AN-124,-1,-1,1
AN-124-100 CONDOR,73.3,1,1,1,1,1,0,0,0,0,1,1,1,0,0,0,0,0,0,AN-124,-1,-1,1
AN-124-100M-150 CONDOR,73.3,1,1,1,1,1,0,0,0,0,1,1,1,0,0,0,0,0,0,AN-124,-1,-1,1
AN-12 B CUB,33.1,1,1,1,1,1,0,0,0,1,1,1,1,0,0,0,0,0,0,AN-12 CUB,-1,-1,0
AN-12 BK CUB,33.1,1,1,1,1,1,0,0,0,1,1,1,1,0,0,0,0,0,0,AN-12 CUB,-1,-1,0
AN-12 CUB,33.1,1,1,1,1,1,0,0,0,1,1,1,1,0,0,0,0,0,0,AN-12 CUB,-1,-1,0
AN-12 PB CUB,33.1,1,1,1,1,1,0,0,0,1,1,1,1,0,0,0,0,0,0,AN-12 CUB,-1,-1,0
AN-12 V CUB,33.1,1,1,1,1,1,0,0,0,1,1,1,1,0,0,0,0,0,0,AN-12 CUB,-1,-1,0
AN-148-100 A,28.91,1,1,1,1,1,0,0,0,0,1,1,1,0,0,0,0,0,0,AN-148,-1,-1,1
AN-158-100,-1,1,1,1,1,1,0,0,0,0,1,1,1,0,0,0,0,0,0,AN-148,-1,-1,0
AN-225 COSSACK,88.4,1,1,1,1,1,0,0,0,0,1,1,1,0,0,0,0,0,0,NoValue,-1,-1,1
AN-22 COOK,57.8,1,1,1,1,1,0,0,0,1,1,1,1,0,0,0,0,0,0,NoValue,-1,-1,0
AN-24 A COKE,29.2,1,1,1,1,1,0,0,0,1,1,1,1,0,0,0,0,0,0,AN-24 COKE,-1,-1,0
AN-24 B COKE,29.2,1,1,1,1,1,0,0,0,1,1,1,1,0,0,0,0,0,0,AN-24 COKE,-1,-1,0
AN-24 RV COKE,29.2,1,1,1,1,1,0,0,0,1,1,1,1,0,0,0,0,0,0,AN-24 COKE,-1,-1,0
AN-24 T COKE,29.2,1,1,1,1,1,0,0,0,1,1,1,1,0,0,0,0,0,0,AN-24 COKE,-1,-1,0
AN-24 V COKE,29.2,1,1,1,1,1,0,0,0,1,1,1,1,0,0,0,0,0,0,AN-24 COKE,-1,-1,0
AN-26-100 CURL,29.2,1,1,1,1,1,0,0,0,1,1,1,1,0,0,0,0,0,0,AN-26 CURL,-1,-1,0
AN-26 B-100,29.2,1,1,1,1,1,0,0,0,1,1,1,1,0,0,0,0,0,0,AN-26 CURL,-1,-1,0
AN-26 B CURL,29.2,1,1,1,1,1,0,0,0,1,1,1,1,0,0,0,0,0,0,AN-26 CURL,-1,-1,0
AN-26 BRL CURL,29.2,1,1,1,1,1,0,0,0,1,1,1,1,0,0,0,0,0,0,AN-26 CURL,-1,-1,0
AN-26 CURL,29.2,1,1,1,1,1,0,0,0,1,1,1,1,0,0,0,0,0,0,AN-26 CURL,-1,-1,0
AN-26 SH CURL,29.2,1,1,1,1,1,0,0,0,1,1,1,1,0,0,0,0,0,0,AN-26 CURL,-1,-1,0
AN-26 SM CURL,29.2,1,1,1,1,1,0,0,0,1,1,1,1,0,0,0,0,0,0,AN-26 CURL,-1,-1,0
AN-26 V CURL,29.2,1,1,1,1,1,0,0,0,1,1,1,1,0,0,0,0,0,0,AN-26 CURL,-1,-1,0
AN-28 CASH,13.1,1,1,1,1,1,0,0,0,1,1,1,1,0,0,0,0,0,0,AN-28 CASH Serie,-1,-1,0
AN-2 COLT,12.74,1,1,1,1,1,0,0,1,1,0,1,1,0,0,0,0,0,0,AN-2 Colt,-1,-1,0
AN-2 P COLT,12.74,1,1,1,1,1,0,0,1,1,0,1,1,0,0,0,0,0,0,AN-2 Colt,-1,-1,0
AN-2 R COLT,12.74,1,1,1,1,1,0,0,1,1,0,1,1,0,0,0,0,0,0,AN-2 Colt,-1,-1,0
AN-2 S COLT,12.74,1,1,1,1,1,0,0,1,1,0,1,1,0,0,0,0,0,0,AN-2 Colt,-1,-1,0
AN-2 T COLT,12.74,1,1,1,1,1,0,0,1,1,0,1,1,0,0,0,0,0,0,AN-2 Colt,-1,-1,0
AN-2 TD COLT,12.74,1,1,1,1,1,0,0,1,1,0,1,1,0,0,0,0,0,0,AN-2 Colt,-1,-1,0
AN-30 CLANK,24.26,1,1,1,1,1,0,0,0,1,1,1,1,0,0,0,0,0,0,AN- 30 CLANK Serie,-1,-1,0
AN-32 B CLINE,23.5,1,1,1,1,1,0,0,0,1,1,1,1,0,0,0,0,0,0,AN-32 CLINE,-1,-1,0
AN-32 CLINE,23.5,1,1,1,1,1,0,0,0,1,1,1,1,0,0,0,0,0,0,AN-32 CLINE,-1,-1,0
AN-32 P FIREKILLER,23.5,1,1,1,1,1,0,0,0,1,1,1,1,0,0,0,0,0,0,AN-32 CLINE,-1,-1,0
AN-38-100,15.67,1,1,1,1,1,0,0,0,1,1,1,1,0,0,0,0,0,0,AN-38 CASH Serie,-1,-1,0
AN-70,44.06,1,1,1,1,1,0,0,0,0,1,1,1,0,0,0,0,0,0,NoValue,-1,-1,1
AN-72 COALER,28.07,1,1,1,1,1,0,0,0,0,1,1,1,0,0,0,0,0,0,AN-72 COALER,-1,-1,1
AN-72 P COALER,28.07,1,1,1,1,1,0,0,0,0,1,1,1,0,0,0,0,0,0,AN-72 COALER,-1,-1,1
AN-74-200 COALER ,28.07,1,1,1,1,1,0,0,0,0,1,1,1,0,0,0,0,0,0,AN-72 COALER,-1,-1,1
AN-74 COALER,28.07,1,1,1,1,1,0,0,0,0,1,1,1,0,0,0,0,0,0,AN-72 COALER,-1,-1,1
AN-74 D COALER,28.07,1,1,1,1,1,0,0,0,0,1,1,1,0,0,0,0,0,0,AN-72 COALER,-1,-1,1
AN-74 T-100 COALER,28.07,1,1,1,1,1,0,0,0,0,1,1,1,0,0,0,0,0,0,AN-72 COALER,-1,-1,1
AN-74 T-200 COALER,28.07,1,1,1,1,1,0,0,0,0,1,1,1,0,0,0,0,0,0,AN-72 COALER,-1,-1,1
AN-74 TD COALER,28.07,1,1,1,1,1,0,0,0,0,1,1,1,0,0,0,0,0,0,AN-72 COALER,-1,-1,1
AN-74 TK-100 COALER,28.07,1,1,1,1,1,0,0,0,0,1,1,1,0,0,0,0,0,0,AN-72 COALER,-1,-1,1
AN-74 TK-200 COALER,28.07,1,1,1,1,1,0,0,0,0,1,1,1,0,0,0,0,0,0,AN-72 COALER,-1,-1,1
AS-332 C1 SUPER PUMA,16.29,0,0,0,0,0,1,1,0,0,0,0,0,1,1,1,1,1,1,PUMA,4,2,1
AS-332 L1 SUPER PUMA,16.29,0,0,0,0,0,1,1,0,0,0,0,0,1,1,1,1,1,1,PUMA,4,2,1
AS-332 SUPER PUMA,16.29,0,0,0,0,0,1,1,0,0,0,0,0,1,1,1,1,1,1,PUMA,4,2,1
AS-350 B ECUREUIL,10.93,0,0,0,0,0,1,1,0,0,0,0,0,1,1,1,1,1,1,ECUREUIL Serie,3,1,1
AS-355 E ECUREUIL,10.93,0,0,0,0,0,1,1,0,0,0,0,0,1,1,1,1,1,1,ECUREUIL Serie,3,2,1
AS-365 F DAUPHIN II,11.63,0,0,0,0,0,1,1,0,0,0,0,0,1,1,1,1,1,1,DAUPHIN,4,2,1
AS-365 MA PANTHER,11.63,0,0,0,0,0,1,1,0,0,0,0,0,1,1,1,1,1,1,DAUPHIN,4,2,1
AS-365 N-1 DAUPHIN II,11.63,0,0,0,0,0,1,1,0,0,0,0,0,1,1,1,1,1,1,DAUPHIN,4,2,1
AS-365 N-3 DAUPHIN II,11.63,0,0,0,0,0,1,1,0,0,0,0,0,1,1,1,1,1,1,DAUPHIN,4,2,1
AS-532 AL COUGAR,16.29,0,0,0,0,0,1,1,0,0,0,0,0,1,1,1,1,1,1,PUMA,4,2,1
AS-532 M COUGAR,16.29,0,0,0,0,0,1,1,0,0,0,0,0,1,1,1,1,1,1,PUMA,4,2,1
AS-532 SC COUGAR,16.29,0,0,0,0,0,1,1,0,0,0,0,0,1,1,1,1,1,1,PUMA,4,2,1
AS-532 UL COUGAR,16.29,0,0,0,0,0,1,1,0,0,0,0,0,1,1,1,1,1,1,PUMA,4,2,1
AS-532 UL HORIZON,16.29,0,0,0,0,0,1,1,0,0,0,0,0,1,1,1,1,1,1,PUMA,4,2,1
AS-550 FENNEC,10.93,0,0,0,0,0,1,1,0,0,0,0,0,1,1,1,1,1,1,ECUREUIL Serie,3,1,1
AS-565 MA Panther,11.63,0,0,0,0,0,1,1,0,0,0,0,0,1,1,1,1,1,1,DAUPHIN,4,2,1
AS-565 SA PANTHER,11.63,0,0,0,0,0,1,1,0,0,0,0,0,1,1,1,1,1,1,DAUPHIN,4,2,1
AT-29 EMB-314 SUPER TUCANO,11.3,1,1,1,1,1,0,0,0,0,0,1,1,0,0,0,0,0,0,TUCANO,-1,-1,0
AT-3 (Aero),6.25,1,1,1,1,1,0,0,0,0,0,1,1,0,0,0,0,0,0,NoValue,-1,-1,0
ATR-42,24.57,1,1,1,1,1,0,0,0,1,1,1,1,0,0,0,0,0,0,ATR Serie,-1,-1,0
ATR-42-400 MP SURVEYOR,24.57,1,1,1,1,1,0,0,0,1,1,1,1,0,0,0,0,0,0,ATR Serie,-1,-1,0
AUH-76 A  SPIRIT,13.23,0,0,0,0,0,1,1,0,0,0,0,0,1,1,1,1,1,1,Sikorsky S-76,4,2,1
AV-8 A HARRIER,14.12,1,1,1,1,1,0,0,0,0,1,1,1,0,0,0,0,0,0,HARRIER,-1,-1,1
AV-8 B HARRIER II,14.12,1,1,1,1,1,0,0,0,0,1,1,1,0,0,0,0,0,0,HARRIER,-1,-1,1
AV-8 B HARRIER II+,14.12,1,1,1,1,1,0,0,0,0,1,1,1,0,0,0,0,0,0,HARRIER,-1,-1,1
AV-8 C HARRIER,14.12,1,1,1,1,1,0,0,0,0,1,1,1,0,0,0,0,0,0,HARRIER,-1,-1,1
Aviat Husky A-1,6.88,1,1,1,1,1,0,0,0,1,1,1,1,0,0,0,0,0,0,NoValue,-1,-1,0
B-1 B LANCER,44.81,0,1,1,1,1,0,0,0,1,0,1,1,0,0,0,0,0,0,NoValue,-1,-1,0
B-2 SPIRIT,21.03,0,1,1,1,0,0,0,0,1,0,1,1,0,0,0,0,0,0,NoValue,-1,-1,0
B-52 STRATOFORTRESS,47.72,1,1,1,1,1,0,0,0,0,1,1,1,0,0,0,0,0,0,B-52 STRATOFORTRESS,-1,-1,1
B-757-236 (SF),47.32,1,1,1,1,1,0,0,0,0,0,1,1,0,0,0,0,0,0,Boeing 757,-1,-1,0
BAe 748,20.42,1,1,1,1,1,0,0,0,0,0,1,1,0,0,0,0,0,0,NoValue,-1,-1,0
Bell 205 A-1,12.77,0,0,0,0,0,1,1,0,0,0,0,0,1,1,1,1,1,1,Bell UH-1,2,1,1
Bell 206 B-2 JET RANGER II,10.13,0,0,0,0,0,1,1,0,0,0,0,0,1,1,1,1,0,1,Bell 206,2,1,0
Bell 206 B-3 JET RANGER II,9.89,0,0,0,0,0,1,1,0,0,0,0,0,1,1,1,1,0,1,Bell 206,2,1,0
Bell 206 B JET RANGER II,10.13,0,0,0,0,0,1,1,0,0,0,0,0,1,1,1,1,0,1,Bell 206,2,1,0
Bell 206 L-1 LONG RANGER II,10.56,0,0,0,0,0,1,1,0,0,0,0,0,1,1,1,1,0,1,Bell 206,2,1,0
Bell 206 L-4 LONG RANGER,10.56,0,0,0,0,0,1,1,0,0,0,0,0,1,1,1,1,0,1,Bell 206,2,1,0
Bell 206 L LONG RANGER,10.56,0,0,0,0,0,1,1,0,0,0,0,0,1,1,1,1,1,1,Bell 206,2,1,1
Bell 212,12.7,0,0,0,0,0,1,1,0,0,0,0,0,1,1,1,1,1,1,Bell UH-1,2,2,1
Bell 214 A,14.63,0,0,0,0,0,1,1,0,0,0,0,0,1,1,1,1,1,1,Bell UH-1,2,1,1
Bell 214 B BIG LIFTER,14.63,0,0,0,0,0,1,1,0,0,0,0,0,1,1,1,1,1,1,Bell UH-1,2,2,1
Bell 222 B,12.85,0,0,0,0,0,1,1,0,0,0,0,0,1,1,1,1,1,1,Bell 222,2,2,1
Bell 222 UT,12.85,0,0,0,0,0,1,1,0,0,0,0,0,1,1,1,1,1,1,Bell 222,2,2,1
Bell 407,10.57,0,0,0,0,0,1,1,0,0,0,0,0,1,1,1,1,0,1,Bell 206,4,1,0
Bell 412,14.1,0,0,0,0,0,1,1,0,0,0,0,0,1,1,1,1,1,1,Bell UH-1,4,2,1
Bell 412 EP,14.1,0,0,0,0,0,1,1,0,0,0,0,0,1,1,1,1,1,1,Bell UH-1,4,2,1
Bell 412 HP,14.1,0,0,0,0,0,1,1,0,0,0,0,0,1,1,1,1,1,1,Bell UH-1,4,2,1
Bell 412 SP,14.1,0,0,0,0,0,1,1,0,0,0,0,0,1,1,1,1,1,1,Bell UH-1,4,2,1
Bell 427,10.98,0,0,0,0,0,1,1,0,0,0,0,0,1,1,1,1,1,1,Bell 206,4,2,1
Bell 430 Kufe,13.43,0,0,0,0,0,1,1,0,0,0,0,0,1,1,1,1,1,1,Bell 222,4,2,1
Bell 430 Rad,13.43,0,0,0,0,0,1,1,0,0,0,0,0,1,1,1,1,1,1,Bell 222,4,2,1
Bell 47 G SIOUX,9.62,0,0,0,0,0,1,1,0,0,0,0,0,1,1,1,1,0,0,Bell 47,2,-1,1
Bell UH-1 D IROQUIOS,12.69,0,0,0,0,0,1,1,0,0,0,0,0,1,1,1,1,1,1,Bell UH-1,2,1,1
Bell UH-1 H IROQUIOS,12.69,0,0,0,0,0,1,1,0,0,0,0,0,1,1,1,1,1,1,Bell UH-1,2,1,1
Bell UH-1 M IROQUIOS,12.69,0,0,0,0,0,1,1,0,0,0,0,0,1,1,1,1,1,1,Bell UH-1,2,1,1
Bell UH-1 N IROQUIOS,12.69,0,0,0,0,0,1,1,0,0,0,0,0,1,1,1,1,1,1,Bell UH-1,2,2,1
Beriev A-50 MAINSTAY,47.5,1,1,1,1,1,0,0,0,0,1,1,1,0,0,0,0,0,0,IL-76 CANDID,-1,-1,1
BN-2 A Islander,10.86,1,1,1,1,1,0,0,0,1,1,1,1,0,0,0,0,0,0,Briten Norman BN-2 ISLANDER,-1,-1,0
BN-2 A Mk3 Trislander,15.01,1,1,1,1,1,0,0,0,1,1,1,1,0,0,0,0,0,0,Briten Norman BN-2,-1,-1,0
BN-2 B Islander,10.86,1,1,1,1,1,0,0,0,1,1,1,1,0,0,0,0,0,0,Briten Norman BN-2 ISLANDER,-1,-1,0
BN-2 T Turbine Islander,12.2,1,1,1,1,1,0,0,0,1,1,1,1,0,0,0,0,0,0,Briten Norman BN-2 ISLANDER,-1,-1,0
BO-105 VBH,8.56,0,0,0,0,0,1,1,0,0,0,0,0,1,1,1,1,1,1,MBB BO-105,4,-1,1
Boeing 707,44.2,1,1,1,1,1,0,0,0,0,0,1,1,0,0,0,0,0,0,Boeing 707,-1,-1,0
Boeing 707-300 B,41.61,1,1,1,1,1,0,0,0,0,0,1,1,0,0,0,0,0,0,Boeing 707,-1,-1,0
Boeing 707-300 C,41.61,1,1,1,1,1,0,0,0,0,0,1,1,0,0,0,0,0,0,Boeing 707,-1,-1,0
Boeing 717,35.9,1,1,1,1,1,0,0,0,1,0,1,1,0,0,0,0,0,0,Boeing 717,-1,-1,0
Boeing 727-100,40.59,1,1,1,1,1,0,0,0,1,0,1,1,0,0,0,0,0,0,Boeing 727,-1,-1,0
Boeing 727-200,46.69,1,1,1,1,1,0,0,0,1,0,1,1,0,0,0,0,0,0,Boeing 727,-1,-1,0
Boeing 737-100,28.65,1,1,1,1,1,0,0,0,0,0,1,1,0,0,0,0,0,0,Boeing 737,-1,-1,0
Boeing 737-300,33.4,1,1,1,1,1,0,0,0,0,0,1,1,0,0,0,0,0,0,Boeing 737,-1,-1,0
Boeing 737-600,31.24,1,1,1,1,1,0,0,0,0,0,1,1,0,0,0,0,0,0,Boeing 737,-1,-1,0
Boeing 747-400,70.6,1,1,1,1,1,0,0,0,0,0,1,1,0,0,0,0,0,0,Boeing 747,-1,-1,0
Boeing 757-200,47.32,1,1,1,1,1,0,0,0,1,0,1,1,0,0,0,0,0,0,Boeing 757,-1,-1,0
Boeing 757-300,54.43,1,1,1,1,1,0,0,0,1,0,1,1,0,0,0,0,0,0,Boeing 757,-1,-1,0
Boeing 767-200,48.5,1,1,1,1,1,0,0,0,1,0,1,1,0,0,0,0,0,0,Boeing 767,-1,-1,0
Boeing 767-300,54.9,1,1,1,1,1,0,0,0,1,0,1,1,0,0,0,0,0,0,Boeing 767,-1,-1,0
Boeing 767-300 F,54.9,1,1,1,1,1,0,0,0,1,0,1,1,0,0,0,0,0,0,Boeing 767,-1,-1,0
Boeing 767-400,61.4,1,1,1,1,1,0,0,0,1,0,1,1,0,0,0,0,0,0,Boeing 767,-1,-1,0
Boeing 777-200,63.7,1,1,1,1,1,0,0,0,1,0,1,1,0,0,0,0,0,0,Boeing 777,-1,-1,0
Boeing 777-200 LR,63.7,1,1,1,1,1,0,0,0,1,0,1,1,0,0,0,0,0,0,Boeing 777,-1,-1,0
Boeing 777-300,73.9,1,1,1,1,1,0,0,0,1,0,1,1,0,0,0,0,0,0,Boeing 777,-1,-1,0
Boeing 777 F,63.7,1,1,1,1,1,0,0,0,1,0,1,1,0,0,0,0,0,0,Boeing 777,-1,-1,0
Boeing 787-8 DREAMLINER,56.7,1,1,1,1,1,0,0,0,1,0,1,1,0,0,0,0,0,0,Boeing 787,-1,-1,0
BREEZER  (Aerostyle),6.36,1,1,1,1,1,0,0,0,1,0,1,1,0,0,0,0,0,0,NoValue,-1,-1,0
Breguet 1150 Atlantique 1,31.62,1,1,1,1,1,0,0,0,0,0,1,1,0,0,0,0,0,0,NoValue,-1,-1,0
Breguet 1150 Atlantique 2,37.71,1,1,1,1,1,0,0,0,1,0,1,1,0,0,0,0,0,0,NoValue,-1,-1,0
C-130 A HERCULES,29.3,1,1,1,1,1,0,0,0,1,1,1,1,0,0,0,0,0,0,C-130,-1,-1,0
C-130 J-30 HERCULES,34.37,1,1,1,1,1,0,0,0,1,1,1,1,0,0,0,0,0,0,C-130,-1,-1,0
C-130 J HERCULES,29.79,1,1,1,1,1,0,0,0,1,1,1,1,0,0,0,0,0,0,C-130,-1,-1,0
C-130 K HERCULES,29.8,1,1,1,1,1,0,0,0,1,1,1,1,0,0,0,0,0,0,C-130,-1,-1,0
C-160 Transall,32.4,1,1,1,1,1,0,0,0,1,1,1,1,0,0,0,0,0,0,NoValue,-1,-1,0
C-17 A GLOBEMASTER III,53.4,1,1,1,1,1,0,0,0,0,1,1,1,0,0,0,0,0,0,NoValue,-1,-1,1
C-1 A,29,1,1,1,1,1,0,0,0,0,1,1,1,0,0,0,0,0,0,NoValue,-1,-1,1
C-27 J SPARTAN,22.7,1,1,1,1,1,0,0,0,1,1,1,1,0,0,0,0,0,0,G-222 (C-27),-1,-1,0
C-31 A TROOPSHIP (Fokker F-27-400 M),23.5,1,1,1,1,1,0,0,0,1,1,1,1,0,0,0,0,0,0,FOKKER 27 Serie,-1,-1,0
C-5 A GALAXY,75.3,1,1,1,1,1,0,0,0,0,1,1,1,0,0,0,0,0,0,C-5 GALAXY,-1,-1,1
C-5 B GALAXY,75.3,1,1,1,1,1,0,0,0,0,1,1,1,0,0,0,0,0,0,C-5 GALAXY,-1,-1,1
C-5 C GALAXY,75.3,1,1,1,1,1,0,0,0,0,1,1,1,0,0,0,0,0,0,C-5 GALAXY,-1,-1,1
C-5 M GALAXY,75.3,1,1,1,1,1,0,0,0,0,1,1,1,0,0,0,0,0,0,C-5 GALAXY,-1,-1,1
CF-188 A HORNET (CF-18 A HORNET),17.1,1,1,1,1,1,0,0,0,0,0,1,1,0,0,0,0,0,0,F/A-18 HORNET,-1,-1,0
CH-126,10.13,0,0,0,0,0,1,1,0,0,0,0,0,1,1,1,1,1,1,JET RANGER Serie,2,1,1
CH-135,12.69,0,0,0,0,0,1,1,0,0,0,0,0,1,1,1,1,1,1,Bell UH-1,2,2,1
CH-146 GRIFFON,14.1,0,0,0,0,0,1,1,0,0,0,0,0,1,1,1,1,1,1,Bell UH-1,4,2,1
CH-34,16.29,0,0,0,0,0,1,1,0,0,0,0,0,1,1,1,1,1,1,PUMA,4,2,1
CH-46 E Sea Knight,-1,0,0,0,0,0,1,1,0,0,0,0,0,1,1,1,0,1,1,NoValue,-1,-1,0
CH-47 C CHNOOK,30.1,0,0,0,0,0,1,1,0,0,0,0,0,1,1,1,0,1,1,CH-47 CHINOOK,-1,-1,1
CH-47 D CHINOOK,30.1,0,0,0,0,0,1,1,0,0,0,0,0,1,1,1,0,1,1,CH-47 CHINOOK,-1,-1,1
CH-53 E SUPER STALLION,22.35,0,0,0,0,0,1,1,0,0,0,0,0,1,1,1,1,1,1,CH-53,6,-1,1
CH-53 G,20.5,0,0,0,0,0,1,1,0,0,0,0,0,1,1,1,1,1,1,NoValue,6,-1,1
CN-235,21.35,1,1,1,1,1,0,0,0,1,1,1,1,0,0,0,0,0,0,CN-235,-1,-1,0
CP-140 A AURORA ,36.61,1,1,1,1,1,0,0,0,0,0,1,1,0,0,0,0,0,0,P-3 ORION,-1,-1,0
CP-140 B AURORA,36.61,1,1,1,1,1,0,0,0,0,0,1,1,0,0,0,0,0,0,P-3 ORION,-1,-1,0
CRECERELLE  (Kestrel),2.4,1,1,1,1,1,0,0,0,1,0,1,1,0,0,0,0,0,0,NoValue,-1,-1,0
DHC-6 TWIN OTTER,17.77,1,1,1,1,1,0,0,0,1,1,1,1,0,0,0,0,0,0,DHC-6 TWIN OTTER,-1,-1,0
Dornier Do 228,15.03,1,1,1,1,1,0,0,0,1,1,1,1,0,0,0,0,0,0,Dornier DO-228 Serie,-1,-1,0
Dornier Do 328,21.28,1,1,1,1,1,0,0,0,1,1,1,1,0,0,0,0,0,0,Dornier DO-328 Serie,-1,-1,0
Dornier Do 328 JET,21.28,1,1,1,1,1,0,0,0,1,1,1,1,0,0,0,0,0,0,Dornier DO-328 Serie,-1,-1,0
E-2 C HAWKEYE,17.56,1,1,1,1,1,0,0,0,1,1,1,1,0,0,0,0,0,0,E-2 HAWKEYE,-1,-1,0
E-2 C-II HAWKEYE,17.56,1,1,1,1,1,0,0,0,1,1,1,1,0,0,0,0,0,0,E-2 HAWKEYE,-1,-1,0
E-2 T HAWKEYE,17.56,1,1,1,1,1,0,0,0,1,1,1,1,0,0,0,0,0,0,E-2 HAWKEYE,-1,-1,0
E-3 A SENTRY,46.61,1,1,1,1,1,0,0,0,1,0,1,1,0,0,0,0,0,0,Boeing 707,-1,-1,0
E-4 B NIGHTWATCH,56.31,1,1,1,1,1,0,0,0,0,0,1,1,0,0,0,0,0,0,Boeing B-747,-1,-1,0
E-8 C JOINT STARS,46.6,1,1,1,1,1,0,0,0,0,0,1,1,0,0,0,0,0,0,Boeing 707,-1,-1,0
EA-18 G GROWLER,18.32,1,1,1,1,1,0,0,0,1,0,1,1,0,0,0,0,0,0,F/A-18 SUPER HORNET,-1,-1,0
EA-6 B PROWLER,18.24,1,1,1,1,1,0,0,0,1,0,1,1,0,0,0,0,0,0,A-6 INTRUDER,-1,-1,0
EAB PEGASUS,4.2,1,1,1,1,1,0,0,0,1,1,1,1,0,0,0,0,0,0,NoValue,-1,-1,0
EC-130 B-4,10.68,0,0,0,0,0,1,1,0,0,0,0,0,1,1,1,1,1,1,EC-135,3,1,1
EC-130 E COMMANDO SOLO,29.8,1,1,1,1,1,0,0,0,1,1,1,1,0,0,0,0,0,0,C-130,-1,-1,0
EC-130 H COMPASS CALL,29.8,1,1,1,1,1,0,0,0,1,1,1,1,0,0,0,0,0,0,C-130,-1,-1,0
EC-130 J COMMANDO SOLO II,29.8,1,1,1,1,1,0,0,0,1,1,1,1,0,0,0,0,0,0,C-130,-1,-1,0
EC-135 P-1,10.2,0,0,0,0,0,1,1,0,0,0,0,0,1,1,1,1,1,1,EC-135,4,1,1
EC-135 P-2,10.2,0,0,0,0,0,1,1,0,0,0,0,0,1,1,1,1,1,1,EC-135,4,1,1
EC-135 T-1,10.2,0,0,0,0,0,1,1,0,0,0,0,0,1,1,1,1,1,1,EC-135,4,1,1
EC-135 T-2,10.2,0,0,0,0,0,1,1,0,0,0,0,0,1,1,1,1,1,1,EC-135,4,1,1
EC-155 B,12.71,0,0,0,0,0,1,1,0,0,0,0,0,1,1,1,1,1,1,DAUPHIN,5,2,1
EC-225 LP SUPER PUMA 2+,16.79,0,0,0,0,0,1,1,0,0,0,0,0,1,1,1,1,1,1,PUMA,5,2,1
EC-635,10.2,0,0,0,0,0,1,1,0,0,0,0,0,1,1,1,1,1,1,EC-135,4,1,1
EC-665 UHT TIGER,14.08,0,0,0,0,0,1,1,0,0,0,0,0,1,1,1,1,1,1,TIGER,4,-1,1
EC-725 AP COUGAR II (CARACAL),16.79,0,0,0,0,0,1,1,0,0,0,0,0,1,1,1,1,1,1,PUMA,5,2,1
EH-101 MERLIN,19.95,0,0,0,0,0,1,1,0,0,0,0,0,1,1,1,1,1,1,NoValue,5,3,1
EP-3 E ARIES,35.57,1,1,1,1,1,0,0,0,0,0,1,1,0,0,0,0,0,0,Lockheed P-3 ORION,-1,-1,0
Eurofighter TYPHOON S,15.96,1,1,1,1,1,0,0,0,1,0,1,1,0,0,0,0,0,0,NoValue,-1,-1,0
Eurofighter TYPHOON T,15.96,1,1,1,1,1,0,0,0,1,0,1,1,0,0,0,0,0,0,NoValue,-1,-1,0
EUROFOX Europro,6.4,1,1,1,1,1,0,0,0,1,1,1,1,0,0,0,0,0,0,NoValue,-1,-1,0
F/A-18 A HORNET,17.07,1,1,1,1,1,0,0,0,1,0,1,1,0,0,0,0,0,0,F/A-18 HORNET,-1,-1,0
F/A-18 B HORNET,17.07,1,1,1,1,1,0,0,0,1,0,1,1,0,0,0,0,0,0,F/A-18 HORNET,-1,-1,0
F/A-18 C HORNET,17.07,1,1,1,1,1,0,0,0,1,0,1,1,0,0,0,0,0,0,F/A-18 HORNET,-1,-1,0
F/A-18 D HORNET,17.07,1,1,1,1,1,0,0,0,1,0,1,1,0,0,0,0,0,0,F/A-18 HORNET,-1,-1,0
F/A-18 E SUPER HORNET,18.32,1,1,1,1,1,0,0,0,1,0,1,1,0,0,0,0,0,0,F/A-18 SUPER HORNET,-1,-1,0
F/A-18 F SUPER HORNET,18.32,1,1,1,1,1,0,0,0,1,0,1,1,0,0,0,0,0,0,F/A-18 SUPER HORNET,-1,-1,0
F-104 G STARFIGHTER,16.7,1,1,1,1,1,0,0,0,0,0,1,1,0,0,0,0,0,0,NoValue,-1,-1,0
F-111 G AARDVARK,22.4,0,1,1,1,1,0,0,0,1,1,1,1,0,0,0,0,0,0,F-111 Serie,-1,-1,0
F-117 A NIGHT HAWK,20.08,1,1,1,1,1,0,0,0,1,0,1,1,0,0,0,0,0,0,NoValue,-1,-1,0
F-14 A TOMCAT,19.1,0,1,1,1,1,0,0,0,1,1,1,1,0,0,0,0,0,0,F-14 TOMCAT,-1,-1,0
F-15 A EAGLE,19.53,1,1,1,1,1,0,0,0,1,1,1,1,0,0,0,0,0,0,F-15,-1,-1,0
F-15 B EAGLE,19.53,1,1,1,1,1,0,0,0,1,1,1,1,0,0,0,0,0,0,F-15,-1,-1,0
F-15 C EAGLE,19.53,1,1,1,1,1,0,0,0,1,1,1,1,0,0,0,0,0,0,F-15,-1,-1,0
F-15 D EAGLE,19.53,1,1,1,1,1,0,0,0,1,1,1,1,0,0,0,0,0,0,F-15,-1,-1,0
F-15 DJ EAGLE,19.53,1,1,1,1,1,0,0,0,1,1,1,1,0,0,0,0,0,0,F-15,-1,-1,0
F-15 E STRIKE EAGLE,19.4,1,1,1,1,1,0,0,0,0,1,1,1,0,0,0,0,0,0,F-15,-1,-1,1
F-15 I THUNDER,19.4,1,1,1,1,1,0,0,0,0,1,1,1,0,0,0,0,0,0,F-15,-1,-1,1
F-15 J PEACE EAGLE,19.53,1,1,1,1,1,0,0,0,1,1,1,1,0,0,0,0,0,0,F-15,-1,-1,0
F-15 K SLAM EAGLE,19.53,1,1,1,1,1,0,0,0,0,1,1,1,0,0,0,0,0,0,F-15,-1,-1,1
F-15 S STRIKE EAGLE,19.53,1,1,1,1,1,0,0,0,1,1,1,1,0,0,0,0,0,0,F-15,-1,-1,0
F-16 A FIGHTING FALCON,14.52,1,1,1,1,1,0,0,0,1,0,1,1,0,0,0,0,0,0,F-16 FIGHTING FALCON,-1,-1,0
F-16 AM FIGHTING FALCON,14.52,1,1,1,1,1,0,0,0,0,0,1,1,0,0,0,0,0,0,F-16 FIGHTING FALCON,-1,-1,0
F-16 B FIGHTING FALCON,14.8,1,1,1,1,1,0,0,0,1,0,1,1,0,0,0,0,0,0,F-16 FIGHTING FALCON,-1,-1,0
F-16 BM FIGHTING FALCON,14.8,1,1,1,1,1,0,0,0,1,0,1,1,0,0,0,0,0,0,F-16 FIGHTING FALCON,-1,-1,0
F-16 C FIGHTING FALCON,14.52,1,1,1,1,1,0,0,0,1,0,1,1,0,0,0,0,0,0,F-16 FIGHTING FALCON,-1,-1,0
F-16 CG NIGHT FALCON,14.8,1,1,1,1,1,0,0,0,1,0,1,1,0,0,0,0,0,0,F-16 FIGHTING FALCON,-1,-1,0
F-16 CJ FIGHTING FALCON,14.8,1,1,1,1,1,0,0,0,1,0,1,1,0,0,0,0,0,0,F-16 FIGHTING FALCON,-1,-1,0
F-16 D FIGHTING FALCON,14.8,1,1,1,1,1,0,0,0,1,0,1,1,0,0,0,0,0,0,F-16 FIGHTING FALCON,-1,-1,0
F-16 DG NIGHT FALCON,16.0,1,1,1,1,1,0,0,0,1,0,1,1,0,0,0,0,0,0,F-16 FIGHTING FALCON,-1,-1,0
F-16 DJ FIGHTING FALCON,14.8,1,1,1,1,1,0,0,0,1,0,1,1,0,0,0,0,0,0,F-16 FIGHTING FALCON,-1,-1,0
F-16 E FIGHTING FALCON,15.03,1,1,1,1,1,0,0,0,1,0,1,1,0,0,0,0,0,0,F-16 FIGHTING FALCON,-1,-1,0
F-16 F FIGHTING FALCON,14.52,1,1,1,1,1,0,0,0,1,0,1,1,0,0,0,0,0,0,F-16 FIGHTING FALCON,-1,-1,0
F-16 I SUFA (FIGHTING FALCON),14.52,1,1,1,1,1,0,0,0,1,0,1,1,0,0,0,0,0,0,F-16 FIGHTING FALCON,-1,-1,0
F-1 HIKOTAI,17.86,1,1,1,1,1,0,0,0,0,1,1,1,0,0,0,0,0,0,NoValue,-1,-1,1
F-22 A RAPTOR,18.87,1,1,1,1,1,0,0,0,1,1,1,1,0,0,0,0,0,0,NoValue,-1,-1,0
F-2 A,15.52,1,1,1,1,1,0,0,0,1,0,1,1,0,0,0,0,0,0,F-16 FIGHTING FALCON,-1,-1,0
F-2 B,15.52,1,1,1,1,1,0,0,0,1,0,1,1,0,0,0,0,0,0,F-16 FIGHTING FALCON,-1,-1,0
F-35 A Lightning II,-1,1,1,1,1,1,0,0,0,1,0,1,1,0,0,0,0,0,0,NoValue,-1,-1,0
F-4 D PHANTOM II,17.76,1,1,1,1,1,0,0,0,1,0,1,1,0,0,0,0,0,0,F-4 Phantom,-1,-1,0
F-4 E PHANTOM II,19.18,1,1,1,1,1,0,0,0,1,0,1,1,0,0,0,0,0,0,F-4 Phantom,-1,-1,0
F-4 F PHANTOM II,19.18,1,1,1,1,1,0,0,0,1,0,1,1,0,0,0,0,0,0,F-4 Phantom,-1,-1,0
F-5 E TIGER II,14.45,1,1,1,1,1,0,0,0,1,0,1,1,0,0,0,0,0,0,NoValue,-1,-1,0
F-CK A 1 CHING KUO,13.95,1,1,1,1,1,0,0,0,1,0,1,1,0,0,0,0,0,0,FC-1 CHING KUO(THUNDER),-1,-1,0
F-CK B 1 CHING KUO,13.95,1,1,1,1,1,0,0,0,1,0,1,1,0,0,0,0,0,0,FC-1 CHING KUO(THUNDER),-1,-1,0
Focker F- 50,25.2,1,1,1,1,1,0,0,0,1,1,1,1,0,0,0,0,0,0,FOKKER 50,-1,-1,0
Fokker F-27-100 FRIENDSHIP,23.5,1,1,1,1,1,0,0,0,1,1,1,1,0,0,0,0,0,0,FOKKER 27 Serie,-1,-1,0
Fokker F-27-200 FRIENDSHIP,23.5,1,1,1,1,1,0,0,0,1,1,1,1,0,0,0,0,0,0,FOKKER 27 Serie,-1,-1,0
Fokker F-27-300M TROOPSHIP,23.5,1,1,1,1,1,0,0,0,1,1,1,1,0,0,0,0,0,0,FOKKER 27 Serie,-1,-1,0
Fokker F-27-400 FRIENDSHIP,23.5,1,1,1,1,1,0,0,0,1,1,1,1,0,0,0,0,0,0,FOKKER 27 Serie,-1,-1,0
Fokker F-27-400 M TROOPSHIP,23.5,1,1,1,1,1,0,0,0,1,1,1,1,0,0,0,0,0,0,FOKKER 27 Serie,-1,-1,0
Fokker F-27-500 F FRIENDSHIP,25.06,1,1,1,1,1,0,0,0,1,1,1,1,0,0,0,0,0,0,FOKKER 27,-1,-1,0
Fokker F-27-600 FRIENDSHIP,23.5,1,1,1,1,1,0,0,0,1,1,1,1,0,0,0,0,0,0,FOKKER 27 Serie,-1,-1,0
G-222,22.7,1,1,1,1,1,0,0,0,1,1,1,1,0,0,0,0,0,0,G-222 (C-27),-1,-1,0
G-2 A GALEB (SOKO),10.34,1,1,1,1,1,0,0,0,0,0,1,1,0,0,0,0,0,0,G-2 GALEB / J-1 JASTREB Serie ,-1,-1,0
G-4 SUPER GALEB (SOKO),12.25,1,1,1,1,1,0,0,0,1,0,1,1,0,0,0,0,0,0,NoValue,-1,-1,0
HARRIER II GR.7,14.12,1,1,1,1,1,0,0,0,0,1,1,1,0,0,0,0,0,0,HARRIER Serie,-1,-1,1
HARRIER II GR.7A,14.12,1,1,1,1,1,0,0,0,0,1,1,1,0,0,0,0,0,0,HARRIER Serie,-1,-1,1
HARRIER II GR.9,14.55,1,1,1,1,1,0,0,0,0,1,1,1,0,0,0,0,0,0,HARRIER Serie,-1,-1,1
HARRIER II T10,14.55,1,1,1,1,1,0,0,0,0,1,1,1,0,0,0,0,0,0,HARRIER Serie,-1,-1,1
HAWK 100,11.96,1,1,1,1,1,0,0,0,1,0,1,1,0,0,0,0,0,0,HAWK,-1,-1,0
HAWK T-1 A,11.96,1,1,1,1,1,0,0,0,0,0,1,1,0,0,0,0,0,0,HAWK,-1,-1,0
HAWK T-2,12.43,1,1,1,1,1,0,0,0,0,0,1,1,0,0,0,0,0,0,HAWK,-1,-1,0
HERON,8.94,1,1,1,1,1,0,0,0,1,1,1,1,0,0,0,0,0,0,NoValue,-1,-1,0
Il-114,26.88,1,1,1,1,1,0,0,0,0,0,1,1,0,0,0,0,0,0,IL-114 Serie,-1,-1,0
Il-20 M COOT,37.1,1,1,1,1,1,0,0,0,1,0,1,1,0,0,0,0,0,0,NoValue,-1,-1,0
IL-22 COOT,37.1,1,1,1,1,1,0,0,0,1,0,1,1,0,0,0,0,0,0,Iljushin IL-18,-1,-1,0
Il-38 A MAY,40.07,1,1,1,1,1,0,0,0,1,0,1,1,0,0,0,0,0,0,IL-18 Serie,-1,-1,0
Il-38 SD MAY,40.07,1,1,1,1,1,0,0,0,1,0,1,1,0,0,0,0,0,0,IL-18 Serie,-1,-1,0
Il-62 CLASSIC,51.12,1,1,1,1,1,0,0,0,1,0,1,1,0,0,0,0,0,0,NoValue,-1,-1,0
IL-76 A CANDID,46.59,1,1,1,1,1,0,0,0,0,1,1,1,0,0,0,0,0,0,IL-76 CANDID,-1,-1,1
Il-76 M CANDID,53.19,1,1,1,1,1,0,0,0,0,1,1,1,0,0,0,0,0,0,IL-76 CANDID,-1,-1,1
Il-76 MD-90 CANDID,46.59,1,1,1,1,1,0,0,0,0,1,1,1,0,0,0,0,0,0,IL-76 CANDID,-1,-1,1
Il-76 MD CANDID,46.59,1,1,1,1,1,0,0,0,0,1,1,1,0,0,0,0,0,0,IL-76 CANDID,-1,-1,1
Il-76 MDK CANDID,46.59,1,1,1,1,1,0,0,0,0,1,1,1,0,0,0,0,0,0,IL-76 CANDID,-1,-1,1
Il-76 T CANDID,46.59,1,1,1,1,1,0,0,0,0,1,1,1,0,0,0,0,0,0,IL-76 CANDID,-1,-1,1
Il-76 TD-90VD CANDID,46.59,1,1,1,1,1,0,0,0,0,1,1,1,0,0,0,0,0,0,IL-76 CANDID,-1,-1,1
Il-76 TD CANDID,46.59,1,1,1,1,1,0,0,0,0,1,1,1,0,0,0,0,0,0,IL-76 CANDID,-1,-1,1
Il-78 MIDAS,46.59,1,1,1,1,1,0,0,0,0,1,1,1,0,0,0,0,0,0,IL-76 CANDID,-1,-1,1
Il-78 MKI MIDAS,46.59,1,1,1,1,1,0,0,0,0,1,1,1,0,0,0,0,0,0,IL-76 CANDID,-1,-1,1
Il-78 M MIDAS,46.59,1,1,1,1,1,0,0,0,0,1,1,1,0,0,0,0,0,0,IL-76 CANDID,-1,-1,1
IL-86 CAMBER,59.94,1,1,1,1,1,0,0,0,1,0,1,1,0,0,0,0,0,0,IL-86 CAMBER,-1,-1,0
Il-96-300,55.3,1,1,1,1,1,0,0,0,0,0,1,1,0,0,0,0,0,0,IL-96 Serie,-1,-1,0
J-10 A VIGORIOUS DRAGON,16.43,1,1,1,1,1,0,0,0,1,0,1,1,0,0,0,0,0,0,J-10 VIGORIOUS DRAGON,-1,-1,0
J-11A,21.94,1,1,1,1,1,0,0,0,1,0,1,1,0,0,0,0,0,0,SU-27 FLANKER,-1,-1,0
J-11B,21.94,1,1,1,1,1,0,0,0,1,0,1,1,0,0,0,0,0,0,SU-27 FLANKER,-1,-1,0
J-1 JASTREB (Soko - ehemals J-21 JASTREB),10.88,1,1,1,1,1,0,0,0,0,0,1,1,0,0,0,0,0,0,G-2 GALEB / J-1 JASTREB Serie ,-1,-1,0
J-8 I FINBACK,21.59,1,1,1,1,1,0,0,0,1,0,1,1,0,0,0,0,0,0,J-8 FINBACK,-1,-1,0
J-8 II FINBACK,21.39,1,1,1,1,1,0,0,0,1,0,1,1,0,0,0,0,0,0,J-8 FINBACK,-1,-1,0
JAS-39 A GRIPEN,14.1,1,1,1,1,1,0,0,0,1,0,1,1,0,0,0,0,0,0,JAS-39 GRIPEN,-1,-1,0
JAS-39 B GRIPEN,14.1,1,1,1,1,1,0,0,0,1,0,1,1,0,0,0,0,0,0,JAS-39 GRIPEN,-1,-1,0
JAS 39 C GRIPEN,14.1,1,1,1,1,1,0,0,0,1,0,1,1,0,0,0,0,0,0,JAS-39 GRIPEN,-1,-1,0
JAS-39 D GRIPEN,14.1,1,1,1,1,1,0,0,0,1,0,1,1,0,0,0,0,0,0,JAS-39 GRIPEN,-1,-1,0
JF-17 THUNDER,-1,1,1,1,1,1,0,0,0,1,0,1,1,0,0,0,0,0,0,FC-1 THUNDER,-1,-1,0
JH-7 A FLOUNDER,21.02,1,1,1,1,1,0,0,0,0,1,1,1,0,0,0,0,0,0,JH-7 FLOUNDER,-1,-1,1
K-8 KARAKORUM,11.6,1,1,1,1,1,0,0,0,0,0,1,1,0,0,0,0,0,0,K-8 KARAKORUM,-1,-1,0
KA-25 HORMONE,9.75,0,0,0,0,0,1,1,0,0,0,0,0,1,1,1,1,1,1,Kamov KA-25,-1,2,1
KA-27 HELIX,11.3,0,0,0,0,0,1,1,0,0,0,0,0,1,1,1,1,1,1,Kamov KA-27,-1,2,1
KA-50 HOKUM,14.21,0,0,0,0,0,1,1,0,0,0,0,0,1,1,1,1,1,1,KA-50 HOKUM,-1,-1,1
KA-6 D INTRUDER,16.69,1,1,1,1,1,0,0,0,1,0,1,1,0,0,0,0,0,0,A-6 INTRUDER,-1,-1,0
KC-10 EXTENDER,55.65,1,1,1,1,1,0,0,0,1,0,1,1,0,0,0,0,0,0,KC-10 EXTENDER,-1,-1,0
KC-130 H HERCULES,29.8,1,1,1,1,1,0,0,0,1,1,1,1,0,0,0,0,0,0,C-130,-1,-1,0
KC-130 J HERCULES,34.69,1,1,1,1,1,0,0,0,1,1,1,1,0,0,0,0,0,0,C-130,-1,-1,0
KC-135 A STRATOTANKER,41.53,1,1,1,1,1,0,0,0,0,0,1,1,0,0,0,0,0,0,Boeing 707,-1,-1,0
KC-135 E STRATOTANKER,41.53,1,1,1,1,1,0,0,0,0,0,1,1,0,0,0,0,0,0,Boeing 707,-1,-1,0
KC-135 Q STRATOTANKER,41.53,1,1,1,1,1,0,0,0,0,0,1,1,0,0,0,0,0,0,Boeing 707,-1,-1,0
KC-135 R STRATOTANKER,41.53,1,1,1,1,1,0,0,0,0,0,1,1,0,0,0,0,0,0,Boeing 707,-1,-1,0
KC-135 T STRATOTANKER,41.53,1,1,1,1,1,0,0,0,0,0,1,1,0,0,0,0,0,0,Boeing 707,-1,-1,0
KDC-10 EXTENDER,54.4,1,1,1,1,1,0,0,0,1,0,1,1,0,0,0,0,0,0,KC-10 EXTENDER,-1,-1,0
KFIR C2,15.65,1,1,1,1,1,0,0,0,1,0,1,1,0,0,0,0,0,0,KFIR,-1,-1,0
King's 44 Angel ,10.13,1,1,1,1,1,0,0,0,0,0,1,1,0,0,0,0,0,0,NoValue,-1,-1,0
L-1011 C2A TriStar,54.4,1,1,1,1,1,0,0,0,0,0,1,1,0,0,0,0,0,0,TriStar Serie,-1,-1,0
L-1011 K1 TriStar,50.28,1,1,1,1,1,0,0,0,0,0,1,1,0,0,0,0,0,0,TriStar Serie,-1,-1,0
L-1011 KC1 TriStar,50.28,1,1,1,1,1,0,0,0,0,0,1,1,0,0,0,0,0,0,L-1011 TriStar,-1,-1,0
L-159 A ALCA,12.73,1,1,1,1,1,0,0,0,1,0,1,1,0,0,0,0,0,0,L-39 ALBATROS,-1,-1,0
L-159 B ALCA,12.73,1,1,1,1,1,0,0,0,1,0,1,1,0,0,0,0,0,0,L-39 ALBATROS,-1,-1,0
L-159 T ALCA,12.73,1,1,1,1,1,0,0,0,1,0,1,1,0,0,0,0,0,0,L-39 ALBATROS,-1,-1,0
L-29 C DELFIN,10.81,1,1,1,1,1,0,0,0,1,0,1,1,0,0,0,0,0,0,L-29 DELFIN,-1,-1,0
L-39 A ALBATROS,12.13,1,1,1,1,1,0,0,0,1,0,1,1,0,0,0,0,0,0,L-39 ALBATROS,-1,-1,0
L-39 C ALBATROS,10.81,1,1,1,1,1,0,0,0,1,0,1,1,0,0,0,0,0,0,L-39 ALBATROS,-1,-1,0
L-39 CM ALBATROS,12.13,1,1,1,1,1,0,0,0,1,0,1,1,0,0,0,0,0,0,L-39 ALBATROS,-1,-1,0
L-39 MS ALBATROS,12.13,1,1,1,1,1,0,0,0,1,0,1,1,0,0,0,0,0,0,L-39 ALBATROS,-1,-1,0
L-39 V ALBATROS,12.13,1,1,1,1,1,0,0,0,1,0,1,1,0,0,0,0,0,0,L-39 ALBATROS,-1,-1,0
L-39 ZA ALBATROS,12.13,1,1,1,1,1,0,0,0,1,0,1,1,0,0,0,0,0,0,L-39 ALBATROS,-1,-1,0
L-39 ZO ALBATROS,12.13,1,1,1,1,1,0,0,0,1,0,1,1,0,0,0,0,0,0,L-39 ALBATROS,-1,-1,0
L-59 E ALBATROS,12.2,1,1,1,1,1,0,0,0,1,0,1,1,0,0,0,0,0,0,L-39 ALBATROS,-1,-1,0
LUNA X-200,2.36,1,1,1,1,1,0,0,0,1,1,1,1,0,0,0,0,0,0,NoValue,-1,-1,0
M-28 1R SKYTRUCK,13.1,1,1,1,1,1,0,0,0,1,1,1,1,0,0,0,0,0,0,AN-14 Serie,-1,-1,0
M-311,9.53,1,1,1,1,1,0,0,0,1,0,1,1,0,0,0,0,0,0,NoValue,-1,-1,0
M-346,11.49,1,1,1,1,1,0,0,0,0,0,1,1,0,0,0,0,0,0,NoValue,-1,-1,0
MA-60,24.31,1,1,1,1,1,0,0,0,1,1,1,1,0,0,0,0,0,0,Xiang Y-7 (AN- 24 COKE),-1,-1,0
MB-339 A,11.22,1,1,1,1,1,0,0,0,1,0,1,1,0,0,0,0,0,0,NoValue,-1,-1,0
MB-339 K,11.22,1,1,1,1,1,0,0,0,1,0,1,1,0,0,0,0,0,0,NoValue,-1,-1,0
MC-130 P COMBAT SHADOW,29.8,1,1,1,1,1,0,0,0,1,1,1,1,0,0,0,0,0,0,C-130,-1,-1,0
Merlin GT Aerocomp,6.1,1,1,1,1,1,0,0,0,1,1,1,1,0,0,0,0,0,0,NoValue,-1,-1,0
MH-53 E SEA DRAGON,22.35,0,0,0,0,0,1,1,0,0,0,0,0,1,1,1,1,1,1,NoValue,6,-1,1
MH-53 J PAVE LOW,22.35,0,0,0,0,0,1,1,0,0,0,0,0,1,1,1,1,1,1,NoValue,6,-1,1
Mi-14 HAZE,18.38,0,0,0,0,0,1,1,0,0,0,0,0,1,1,1,1,1,1,Mil Mi-8/17 HIP,5,2,1
Mi-17-1 Sh (Rampe),18.31,0,0,0,0,0,1,1,0,0,0,0,0,1,1,1,1,1,1,Mi-8/17 HIP,5,2,1
Mi-17-1 Sh (Tor),18.31,0,0,0,0,0,1,1,0,0,0,0,0,1,1,1,1,1,1,Mi-8/17 HIP,5,2,1
Mi-17 1V,18.31,0,0,0,0,0,1,1,0,0,0,0,0,1,1,1,1,1,1,Mi-8/17 HIP,5,2,1
Mi-24 V HIND E,16.9,0,0,0,0,0,1,1,0,0,0,0,0,1,1,1,1,1,1,Mi-24 Hind,5,2,1
Mi-26 HALO,33.73,0,0,0,0,0,1,1,0,0,0,0,0,1,1,1,1,1,1,Mil Mi-24 HALO,8,2,1
Mi-28NE HAVOC B,17.01,0,0,0,0,0,1,1,0,0,0,0,0,1,1,1,1,1,1,Mil Mi-28 HAVOK,5,-1,1
Mi-28N HAVOC B,17.01,0,0,0,0,0,1,1,0,0,0,0,0,1,1,1,1,1,1,Mil Mi-28 HAVOK,5,-1,1
Mi-2 HOPLITE,11.9,0,0,0,0,0,1,1,0,0,0,0,0,1,1,1,1,1,1,Mi-2 HOPLITE,3,2,1
Mi-6 HOOK,33.18,0,0,0,0,0,1,1,0,0,0,0,0,1,1,1,1,1,1,Mi-6 HOOK,5,2,1
Mi-8 MT,18.4,0,0,0,0,0,1,1,0,0,0,0,0,1,1,1,1,1,1,Mi-8/17 HIP,5,2,1
Mi-8 T HIP,18.31,0,0,0,0,0,1,1,0,0,0,0,0,1,1,1,1,1,1,Mi-8/17 HIP,5,2,1
MiG-19 FARMER,14.8,1,1,1,1,1,0,0,0,1,0,1,1,0,0,0,0,0,0,MiG-19 FARMER,-1,-1,0
MiG 21-93 FISHBED,14.41,1,1,1,1,1,0,0,0,1,0,1,1,0,0,0,0,0,0,MIG-21 FISHBED,-1,-1,0
MiG-21 bis D FISHBED,14.41,1,1,1,1,1,0,0,0,1,0,1,1,0,0,0,0,0,0,MIG-21 FISHBED,-1,-1,0
MiG-21 bis FISHBED,14.41,1,1,1,1,1,0,0,0,1,0,1,1,0,0,0,0,0,0,MIG-21 FISHBED,-1,-1,0
MiG-23 BN FLOGGER,17.14,0,1,1,1,1,0,0,0,0,1,1,1,0,0,0,0,0,0,MiG-23/27 FLOGGER,-1,-1,0
MiG-23 ML FLOGGER,16.7,0,1,1,1,1,0,0,0,0,1,1,1,0,0,0,0,0,0,MiG-23/27 FLOGGER,-1,-1,0
MiG-23 UB FLOGGER,17.14,0,1,1,1,1,0,0,0,0,1,1,1,0,0,0,0,0,0,MiG-23/27 FLOGGER,-1,-1,0
MIG-25 RBSh FOXBAT,23.8,1,1,1,1,1,0,0,0,0,1,1,1,0,0,0,0,0,0,MIG-25 FOXBAT,-1,-1,1
MiG-27 D FLOGGER,17.1,0,1,1,1,1,0,0,0,0,1,1,1,0,0,0,0,0,0,MiG-23/27 FLOGGER,-1,-1,0
MiG-27 K FLOGGER,17.1,0,1,1,1,1,0,0,0,0,1,1,1,0,0,0,0,0,0,MiG-23/27 FLOGGER,-1,-1,0
MiG-29 FULCUM A,17.32,1,1,1,1,1,0,0,0,1,0,1,1,0,0,0,0,0,0,MIG-29 FULCRUM,-1,-1,0
MiG-29 SMT FULCRUM,17.32,1,1,1,1,1,0,0,0,1,0,1,1,0,0,0,0,0,0,MiG-29 FULCRUM,-1,-1,0
MIG-29 UB FULCRUM,17.32,1,1,1,1,1,0,0,0,0,0,1,1,0,0,0,0,0,0,MIG-29 FULCRUM,-1,-1,0
MIG-31 FOXHOUND,22.69,1,1,1,1,1,0,0,0,0,1,1,1,0,0,0,0,0,0,MIG-31 FOXHOUND,-1,-1,1
MiG-35 FULCRUM,17.32,1,1,1,1,1,0,0,0,1,0,1,1,0,0,0,0,0,0,MIG-29 FULCRUM,-1,-1,0
Mirage 2000-5 DDA,14.94,1,1,1,1,1,0,0,0,1,0,1,1,0,0,0,0,0,0,MIRAGE 2000,-1,-1,0
MIRAGE 2000 5 F,14.94,1,1,1,1,1,0,0,0,1,0,1,1,0,0,0,0,0,0,MIRAGE 2000,-1,-1,0
Mirage 2000 C,14.36,1,1,1,1,1,0,0,0,1,0,1,1,0,0,0,0,0,0,MIRAGE 2000,-1,-1,0
Mirage 2000 D,14.94,1,1,1,1,1,0,0,0,1,0,1,1,0,0,0,0,0,0,MIRAGE 2000,-1,-1,0
Mirage 2000 N,14.94,1,1,1,1,1,0,0,0,1,0,1,1,0,0,0,0,0,0,MIRAGE 2000,-1,-1,0
MIRAGE 5  BA,15.55,1,1,1,1,0,0,0,0,1,0,1,1,0,0,0,0,0,0,MIRAGE 5 Familie,-1,-1,0
Mirage F1 B,15.23,1,1,1,1,1,0,0,0,0,1,1,1,0,0,0,0,0,0,MIRAGE F-1,-1,-1,1
Mirage F1 C,15.23,1,1,1,1,1,0,0,0,0,1,1,1,0,0,0,0,0,0,MIRAGE F-1,-1,-1,1
Mirage F1 CR,15.23,1,1,1,1,1,0,0,0,0,1,1,1,0,0,0,0,0,0,MIRAGE F-1,-1,-1,1
Mirage F1 EDA,15.23,1,1,1,1,1,0,0,0,0,1,1,1,0,0,0,0,0,0,MIRAGE F-1,-1,-1,1
MQ-1 PREDATOR,8.23,1,1,1,1,1,0,0,0,1,0,1,1,0,0,0,0,0,0,NoValue,-1,-1,0
MQ-9 REAPER,10.87,1,1,1,1,1,0,0,0,1,0,1,1,0,0,0,0,0,0,NoValue,-1,-1,0
NH-90,16.23,0,0,0,0,0,1,1,0,0,0,0,0,1,1,1,1,1,1,NoValue,4,2,1
NH-90 NFH,16.23,0,0,0,0,0,1,1,0,0,0,0,0,1,1,1,1,1,1,NH-90,4,2,1
NIMROD MR2,36.15,1,1,1,1,1,0,0,0,1,0,1,1,0,0,0,0,0,0,NIMROD,-1,-1,0
NIMROD R1,36.19,1,1,1,1,1,0,0,0,0,0,1,1,0,0,0,0,0,0,NIMROD,-1,-1,0
OH-58 A KIOWA,9.82,0,0,0,0,0,1,1,0,0,0,0,0,1,1,1,1,1,1,Jet Ranger,2,1,1
OH-58 D KIOWA,9.82,0,0,0,0,0,1,1,0,0,0,0,0,1,1,1,1,1,1,Jet Ranger,2,1,1
P-3 C  ORION,36.61,1,1,1,1,1,0,0,0,0,0,1,1,0,0,0,0,0,0,P-3 ORION,-1,-1,0
P-8 Poseidon,39.47,1,1,1,1,1,0,0,0,0,0,1,1,0,0,0,0,0,0,Boeing 737,-1,-1,0
PC-9 A,10.17,1,1,1,1,1,0,0,0,0,0,1,1,0,0,0,0,0,0,TUCANO,-1,-1,0
PC-9 M,10.17,1,1,1,1,1,0,0,0,0,0,1,1,0,0,0,0,0,0,TUCANO,-1,-1,0
PCHELA,2.67,0,1,1,1,1,0,0,0,1,1,1,1,0,0,0,0,0,0,NoValue,-1,-1,0
PIONEER 200 BELUGA,6.15,1,1,1,1,1,0,0,0,0,0,1,1,0,0,0,0,0,0,PIONEER Serie,-1,-1,0
R-1 SENTINEL,30.3,1,1,1,1,1,0,0,0,0,0,1,1,0,0,0,0,0,0,Bombardier GLOBAL EXPRESS,-1,-1,0
R-22 Robinson,8.75,0,0,0,0,0,1,1,0,0,0,0,0,1,1,1,1,0,1,R-22,2,-1,0
RAFALE A,15.3,1,1,1,1,0,0,0,0,1,0,1,1,0,0,0,0,0,0,RAFALE,-1,-1,0
RAFALE B,15.3,1,1,1,1,0,0,0,0,1,0,1,1,0,0,0,0,0,0,RAFALE,-1,-1,0
RAFALE C,15.3,1,1,1,1,1,0,0,0,1,0,1,1,0,0,0,0,0,0,RAFALE,-1,-1,0
RAFALE M,15.3,1,1,1,1,1,0,0,0,1,0,1,1,0,0,0,0,0,0,RAFALE,-1,-1,0
RC-12 K GUARDRAIL,14.22,1,1,1,1,1,0,0,0,0,0,1,1,0,0,0,0,0,0,Beech SUPER KING AIR,-1,-1,0
RC-135 V RIVET JOINT,41.1,1,1,1,1,1,0,0,0,0,0,1,1,0,0,0,0,0,0,Boeing 707,-1,-1,0
RF-4 C PHANTOM II,19.18,1,1,1,1,1,0,0,0,0,0,1,1,0,0,0,0,0,0,F-4 Phantom,-1,-1,0
RF-4 E PHANTOM II,19.18,1,1,1,1,1,0,0,0,1,0,1,1,0,0,0,0,0,0,F-4 Phantom,-1,-1,0
RJ-100,30.1,1,1,1,1,1,0,0,0,0,1,1,1,0,0,0,0,0,0,AVRO RJ (Regional Jet) Serie,-1,-1,1
RJ-115,30.1,1,1,1,1,1,0,0,0,0,1,1,1,0,0,0,0,0,0,AVRO RJ (Regional Jet) Serie,-1,-1,1
RJ-70,26.16,1,1,1,1,1,0,0,0,0,1,1,1,0,0,0,0,0,0,AVRO RJ (Regional Jet) Serie,-1,-1,1
RJ-85,28.55,1,1,1,1,1,0,0,0,0,1,1,1,0,0,0,0,0,0,AVRO RJ (Regional Jet) Serie,-1,-1,1
RQ-1 PREDATOR,8.2,1,1,1,1,1,0,0,0,1,0,1,1,0,0,0,0,0,0,NoValue,-1,-1,0
RQ-2 PIONEER,4,1,1,1,1,1,0,0,0,1,1,1,1,0,0,0,0,0,0,NoValue,-1,-1,0
RQ-4 B GLOBAL HAWK,14.5,0,1,1,1,1,0,0,0,1,0,1,1,0,0,0,0,0,0,NoValue,-1,-1,0
S-3 A VIKING,16.26,1,1,1,1,1,0,0,0,1,1,1,1,0,0,0,0,0,0,Lockheed S-3 VIKING,-1,-1,0
S-3 B VIKING,16.26,1,1,1,1,1,0,0,0,1,1,1,1,0,0,0,0,0,0,Lockheed S-3 VIKING,-1,-1,0
SA-316 ALOUETTE III,10.03,0,0,0,0,0,1,1,0,0,0,0,0,1,1,1,1,1,1,Sud Aviation ALOUETTE,3,1,1
SA-321 G SUPER FRELON,19.4,0,0,0,0,0,1,1,0,0,0,0,0,1,1,1,1,1,1,SA-321 SUPER FRELON,6,3,1
SA-330 A PUMA,-1,0,0,0,0,0,1,1,0,0,0,0,0,1,1,1,1,1,1,PUMA,4,2,0
SA-342 J GAZELLE,9.53,0,0,0,0,0,1,1,0,0,0,0,0,1,1,1,1,1,1,SA 341/342 GAZELLE,3,1,1
SA-365 C-2 DAUPHIN II,11.62,0,0,0,0,0,1,1,0,0,0,0,0,1,1,1,1,1,1,DAUPHIN,5,2,1
Saab 340AEW Erieye,20.57,1,1,1,1,1,0,0,0,0,0,1,1,0,0,0,0,0,0,Saab 340,-1,-1,0
SAVAGE ALMS,6.39,1,1,1,1,1,0,0,0,1,1,1,1,0,0,0,0,0,0,NoValue,-1,-1,0
SCOUT,3.68,1,1,1,1,1,0,0,0,1,1,1,1,0,0,0,0,0,0,NoValue,-1,-1,0
SCUB (Aerokuhlman),6.82,1,1,1,1,1,0,0,0,0,1,1,1,0,0,0,0,0,0,NoValue,-1,-1,1
SEARCHER,5.85,1,1,1,1,1,0,0,0,1,1,1,1,0,0,0,0,0,0,NoValue,-1,-1,0
Sepecat JAGUAR IS,16.83,1,1,1,1,1,0,0,0,1,1,1,1,0,0,0,0,0,0,JAGUAR,-1,-1,0
SF-37 VIGGEN,15.6,1,1,1,1,1,0,0,0,1,0,1,1,0,0,0,0,0,0,Saab 37 VIGGEN Serie,-1,-1,0
SH-1 H,12.69,0,0,0,0,0,1,1,0,0,0,0,0,1,1,1,1,1,1,Bell UH-1,2,1,1
SH-2 G SUPER SEASPRITE,15.9,0,0,0,0,0,1,1,0,0,0,0,0,1,1,1,1,1,1,Kaman SEA SPRITE,4,-1,1
SH-3 A-1 SEA KING,16.7,0,0,0,0,0,1,1,0,0,0,0,0,1,1,1,1,1,1,SEA KING,5,2,1
SH-60 B SEAHAWK,15.26,0,0,0,0,0,1,1,0,0,0,0,0,1,1,1,1,1,1,UH-60 BLACK HAWK,4,-1,1
SH-60G PAVE HAWK,15.26,0,0,0,0,0,1,1,0,0,0,0,0,1,1,1,1,1,1,UH-60 BLACK HAWK,4,-1,1
SU-22 M-4 FITTER,18.75,0,1,1,1,1,0,0,0,1,0,1,1,0,0,0,0,0,0,SU-17/19/20/22 FITTER,-1,-1,0
SU-22 UM-3K FITTER,18.75,0,1,1,1,1,0,0,0,1,0,1,1,0,0,0,0,0,0,SU-17/19/20/22 FITTER,-1,-1,0
SU-24 FENCER C,-1,0,1,1,1,1,0,0,0,0,1,1,0,0,0,0,0,0,0,SU-24 FENCER,-1,-1,0
SU-24M2 FENCER D2,22.53,0,1,1,1,1,0,0,0,1,1,1,1,0,0,0,0,0,0,SU-24 FENCER,-1,-1,0
SU-24M FENCER D,22.53,0,1,1,1,1,0,0,0,1,1,1,1,0,0,0,0,0,0,SU- 24 FENCER,-1,-1,0
SU-24MK2 FENCER D2,22.53,0,1,1,1,1,0,0,0,1,1,1,1,0,0,0,0,0,0,SU-24 FENCER,-1,-1,0
SU-24MK FENCER D,22.53,0,1,1,1,1,0,0,0,1,1,1,1,0,0,0,0,0,0,SU-24 FENCER,-1,-1,0
SU-24MP FENCER F,22.53,0,1,1,1,1,0,0,0,1,1,1,1,0,0,0,0,0,0,SU-24 FENCER,-1,-1,0
SU-24MR FENCER E,22.53,0,1,1,1,1,0,0,0,1,1,1,1,0,0,0,0,0,0,SU-24 FENCER,-1,-1,0
SU-25/39 FROGFOOT,15.35,1,1,1,1,1,0,0,0,0,1,1,1,0,0,0,0,0,0,SU-25 FROGFOOT,-1,-1,1
SU-25BM FROGFOOT A,15.36,1,1,1,1,1,0,0,0,0,1,1,1,0,0,0,0,0,0,SU-25 FROGFOOT,-1,-1,1
SU-25 FROGFOOT A,15.36,1,1,1,1,1,0,0,0,0,1,1,1,0,0,0,0,0,0,SU-25 FROGFOOT,-1,-1,1
SU-25K FROGFOOT A,15.36,1,1,1,1,1,0,0,0,0,1,1,1,0,0,0,0,0,0,SU-25 FROGFOOT,-1,-1,1
SU-25KM SCORPION,15.36,1,1,1,1,1,0,0,0,0,1,1,1,0,0,0,0,0,0,SU-25 FROGFOOT,-1,-1,1
SU-25M-1 FROGFOOT A mod,15.36,1,1,1,1,1,0,0,0,0,1,1,1,0,0,0,0,0,0,SU-25 FROGFOOT,-1,-1,1
SU-25SM FROGFOOT A mod,15.05,1,1,1,1,1,0,0,0,0,1,1,1,0,0,0,0,0,0,SU-25 FROGFOOT,-1,-1,1
SU-25T FROGFOOT ,15.33,1,1,1,1,1,0,0,0,0,1,1,1,0,0,0,0,0,0,SU-25 FROGFOOT,-1,-1,1
SU-25UB FROGFOOT B,15.36,1,1,1,1,1,0,0,0,0,1,1,1,0,0,0,0,0,0,SU-25 FROGFOOT,-1,-1,1
SU-25UBK FROGFOOT B,15.36,1,1,1,1,1,0,0,0,0,1,1,1,0,0,0,0,0,0,SU-25 FROGFOOT,-1,-1,1
SU-25UBM-1 FROGFOOT B mod,15.36,1,1,1,1,1,0,0,0,0,1,1,1,0,0,0,0,0,0,SU-25 FROGFOOT,-1,-1,1
SU-25UTG FROGFOOT ,15.36,1,1,1,1,1,0,0,0,0,1,1,1,0,0,0,0,0,0,SU-25 FROGFOOT,-1,-1,1
SU-27KUB,21.19,1,1,1,1,1,0,0,0,1,1,1,1,0,0,0,0,0,0,SU-27 FLANKER,-1,-1,0
SU-27M2 FLANKER B,21.935,1,1,1,1,1,0,0,0,1,0,1,1,0,0,0,0,0,0,SU-27 FLANKER,-1,-1,0
SU-27M FLANKER,22.18,1,1,1,1,1,0,0,0,1,1,1,1,0,0,0,0,0,0,SU-27 FLANKER,-1,-1,0
SU-27S(RV) Flanker B,21.935,1,1,1,1,1,0,0,0,1,0,1,1,0,0,0,0,0,0,SU-27 FLANKER,-1,-1,0
SU-27S Flanker B,21.935,1,1,1,1,1,0,0,0,1,0,1,1,0,0,0,0,0,0,SU-27 FLANKER,-1,-1,0
SU-27SK Flanker B,21.935,1,1,1,1,1,0,0,0,1,0,1,1,0,0,0,0,0,0,SU-27 FLANKER,-1,-1,0
SU-27SKM Flanker B mod,21.9,1,1,1,1,1,0,0,0,1,0,1,1,0,0,0,0,0,0,SU-27 FLANKER,-1,-1,0
SU-27SM3 Flanker B mod,21.19,1,1,1,1,1,0,0,0,1,0,1,1,0,0,0,0,0,0,SU-27 FLANKER,-1,-1,0
SU-27SM Flanker B mod,21.935,1,1,1,1,1,0,0,0,1,0,1,1,0,0,0,0,0,0,SU-27 FLANKER,-1,-1,0
SU-27UB Flanker C,21.94,1,1,1,1,1,0,0,0,1,0,1,1,0,0,0,0,0,0,SU-27 FLANKER,-1,-1,0
SU-27UBM-1 Flanker C,21.935,1,1,1,1,1,0,0,0,1,0,1,1,0,0,0,0,0,0,SU-27 FLANKER,-1,-1,0
SU-27UBM-2 Flanker C,21.935,1,1,1,1,1,0,0,0,1,0,1,1,0,0,0,0,0,0,SU-27 FLANKER,-1,-1,0
SU-30 FLANKER C mod,21.94,1,1,1,1,1,0,0,0,1,0,1,1,0,0,0,0,0,0,SU-27 FLANKER,-1,-1,0
SU-30K FLANKER,21.94,1,1,1,1,1,0,0,0,1,0,1,1,0,0,0,0,0,0,SU-27 FLANKER,-1,-1,0
SU-30LL FLANKER,22.1,1,1,1,1,1,0,0,0,1,0,1,1,0,0,0,0,0,0,SU-27 FLANKER,-1,-1,0
SU-30M2 FLANKER,21.94,1,1,1,1,1,0,0,0,1,0,1,1,0,0,0,0,0,0,SU-27 FLANKER,-1,-1,0
SU-30M FLANKER,21.94,1,1,1,1,1,0,0,0,1,0,1,1,0,0,0,0,0,0,SU-27 FLANKER,-1,-1,0
SU-30MK2 AMV FLANKER G,22.1,1,1,1,1,1,0,0,0,1,0,1,1,0,0,0,0,0,0,SU-27 FLANKER,-1,-1,0
SU-30MK2 FLANKER G,22.1,1,1,1,1,1,0,0,0,1,0,1,1,0,0,0,0,0,0,SU-27 FLANKER,-1,-1,0
SU-30MKA FLANKER H,22.1,1,1,1,1,1,0,0,0,1,1,1,1,0,0,0,0,0,0,SU-27 FLANKER,-1,-1,0
SU-30MKI FLANKER H,22.1,1,1,1,1,1,0,0,0,1,1,1,1,0,0,0,0,0,0,SU-27 FLANKER,-1,-1,0
SU-30MKK FLANKER G,22.1,1,1,1,1,1,0,0,0,1,0,1,1,0,0,0,0,0,0,SU-27 FLANKER,-1,-1,0
SU-30MKM FLANKER H,22.1,1,1,1,1,1,0,0,0,1,1,1,1,0,0,0,0,0,0,SU-27 FLANKER,-1,-1,0
SU-30SM Flanker H,21.935,1,1,1,1,1,0,0,0,1,0,1,1,0,0,0,0,0,0,SU-27 FLANKER,-1,-1,0
SU-33 FLANKER D,21.19,1,1,1,1,1,0,0,0,1,1,1,1,0,0,0,0,0,0,SU-27 FLANKER,-1,-1,0
SU-34 FULLBACK,23.34,1,1,1,1,1,0,0,0,1,0,1,1,0,0,0,0,0,0,SU-27 FLANKER,-1,-1,0
SU-35BM FLANKER E,21.94,1,1,1,1,1,0,0,0,1,1,1,1,0,0,0,0,0,0,SU-27 FLANKER,-1,-1,0
SU-35S FLANKER E,22.18,1,1,1,1,1,0,0,0,1,1,1,1,0,0,0,0,0,0,SU-27 FLANKER,-1,-1,0
SU-35UB FLANKER,21.94,1,1,1,1,1,0,0,0,1,0,1,1,0,0,0,0,0,0,SU-27 FLANKER,-1,-1,0
Super Etendard,14.31,1,1,1,1,1,0,0,0,1,0,1,1,0,0,0,0,0,0,NoValue,-1,-1,0
T-25 NEIVA,8.6,1,1,1,1,1,0,0,0,0,0,1,1,0,0,0,0,0,0,NoValue,-1,-1,0
T-27 TUCANO,9.86,1,1,1,1,1,0,0,0,0,0,1,1,0,0,0,0,0,0,TUCANO,-1,-1,0
T-2 ZENGIGATA,17.86,1,1,1,1,1,0,0,0,0,1,1,1,0,0,0,0,0,0,NoValue,-1,-1,1
TAV-8B,13.87,1,1,1,1,1,0,0,0,0,1,1,1,0,0,0,0,0,0,HARRIER Serie,-1,-1,1
TORNADO ECR,16.72,0,1,1,1,1,0,0,0,1,1,1,1,0,0,0,0,0,0,TORNADO,-1,-1,0
TORNADO F3,18.7,0,1,1,1,1,0,0,0,0,0,1,1,0,0,0,0,0,0,TORNADO,-1,-1,0
TORNADO GR.1,16.72,0,1,1,1,1,0,0,0,1,1,1,1,0,0,0,0,0,0,TORNADO,-1,-1,0
TORNADO GR.4,16.72,0,1,1,1,1,0,0,0,1,1,1,1,0,0,0,0,0,0,TORNADO,-1,-1,0
TORNADO IDS,16.72,0,1,1,1,1,0,0,0,1,1,1,1,0,0,0,0,0,0,TORNADO,-1,-1,0
TU-154M CARELESS,-1,1,1,1,1,1,0,0,0,1,0,1,1,0,0,0,0,0,0,TU-154,-1,-1,0
TU-160 BLACKJACK,54.1,0,1,1,1,1,0,0,0,1,0,1,1,0,0,0,0,0,0,NoValue,-1,-1,0
TU-22 M2 BACKFIRE,41.46,0,1,1,1,1,0,0,0,1,0,1,1,0,0,0,0,0,0,TU-22 M BACKFIRE,-1,-1,0
TU-22 M3 BACKFIRE,41.46,0,1,1,1,1,0,0,0,1,0,1,1,0,0,0,0,0,0,TU-22 M BACKFIRE,-1,-1,0
TU-95 BEAR,47.09,1,1,1,1,1,0,0,0,1,0,1,1,0,0,0,0,0,0,TU-95 BEAR,-1,-1,0
U-2 S DRAGON LADY,19.13,1,1,1,1,1,0,0,0,1,0,1,1,0,0,0,0,0,0,NoValue,-1,-1,0
UH-60 J BLACK HAWK,15.26,0,0,0,0,0,1,1,0,0,0,0,0,1,1,1,1,1,1,UH-60 BLACK HAWK,4,-1,1
V-22 OSPREY,11.58,1,1,1,1,1,0,0,0,1,1,1,1,0,0,0,0,0,0,V-22 OSPREY,-1,-1,0
VC-10 C1K,50.6,1,1,1,1,1,0,0,0,0,0,1,1,0,0,0,0,0,0,Vickers VC-10,-1,-1,0
VC-10 K3,52.32,1,1,1,1,1,0,0,0,0,0,1,1,0,0,0,0,0,0,Vickers VC-10,-1,-1,0
VC-10 K4,52.32,1,1,1,1,1,0,0,0,0,0,1,1,0,0,0,0,0,0,Vickers VC-10,-1,-1,0
VP-3 A ORION,36.61,1,1,1,1,1,0,0,0,0,0,1,1,0,0,0,0,0,0,P-3 ORION,-1,-1,0
W-3 A SOKOL,14.21,0,0,0,0,0,1,1,0,0,0,0,0,1,1,1,1,1,1,NoValue,4,2,1
WAH-64 LONG BOW,14.97,0,0,0,0,0,1,1,0,0,0,0,0,1,1,1,1,1,1,AH-64 APACHE Aerie,4,-1,1
WG-13 SUPER LYNX Mk 88 A,10.85,0,0,0,0,0,1,1,0,0,0,0,0,1,1,1,1,1,1,LYNX,4,2,1
WT9 Aerospool,6.4,1,1,1,1,1,0,0,0,0,0,1,1,0,0,0,0,0,0,NoValue,-1,-1,0
Y-11,12,1,1,1,1,1,0,0,0,1,1,1,1,0,0,0,0,0,0,Harbin Y-11 (DHC-6 TWIN OTTER),-1,-1,0
Y-12,17.25,1,1,1,1,1,0,0,0,1,1,1,1,0,0,0,0,0,0,Harbin Y-12 (DHC-6 TWIN OTTER),-1,-1,0
Y-7-100,23.71,1,1,1,1,1,0,0,0,1,1,1,1,0,0,0,0,0,0,AN-24 COKE,-1,-1,0
Y-7-200,23.71,1,1,1,1,1,0,0,0,1,1,1,1,0,0,0,0,0,0,AN-24 COKE,-1,-1,0
Y-8,34.02,1,1,1,1,1,0,0,0,1,1,1,1,0,0,0,0,0,0,Y-8 Shaanxi (AN-12 CUB),-1,-1,0
Y-8-KJ200,-1,1,1,1,1,1,0,0,0,1,1,1,1,0,0,0,0,0,0,Y-8 Shaanxi,-1,-1,0
