vectorName,abmessungen_Breite,gezogenes_Gerat,rader_Achsen,kettenfahrzeug,kettenlaufwerk,kettendetails,aufbau_Turm_Turmform,aufbau_Turm_Turmposition,radfahrzeug,wanne_Karossiere_Holme_Lafette_Wanne,wanne_Karossiere_Holme_Lafette_Motor_Motorposition,wanne_Karossiere_Holme_Lafette_Wanne_Form_Kastenformig,wanne_Karossiere_Holme_Lafette_Wanne_Form_Draufsicht_Bug,wanne_Karossiere_Holme_Lafette_Wanne_Form_Draufsicht_Heck,zusatzinformationen_Familie,wanne_Karossiere_Holme_Lafette_Lucken,wanne_Karossiere_Holme_Lafette_Motor_Motorposition_Hinten_Mitte,result
120mm BRANDT Mortar,1.93,1,1,0,0,0,0,0,0,0,0,0,0,0,NoValue,0,0,1
152 K89,2.34,1,1,0,0,0,0,0,0,0,0,0,0,0,2A36,0,0,1
152 Telak 91,3.25,0,0,1,1,1,0,0,0,1,1,1,1,1,NoValue,1,0,1
1V118/1V119,2.63,0,0,1,1,1,1,1,0,1,1,0,1,1,BMD,1,1,1
1V13 / 1W13,2.85,0,0,1,1,1,1,1,0,1,1,1,1,1,MT-LBu,1,0,1
1V14 / 1W14,2.85,0,0,1,1,1,1,1,0,1,1,1,1,1,MT-LBu,1,0,1
1V15 / 1W15,2.85,0,0,1,1,1,1,1,0,1,1,1,1,1,MT-LBu,1,0,1
1V16 / 1W16,2.85,0,0,1,1,1,1,1,0,1,1,1,1,1,MT-LBu,1,0,1
2 A 36 / M1976,2.79,1,1,0,0,0,0,0,0,0,0,0,0,0,2A36,0,0,1
2A45M,2.66,1,1,0,0,0,0,0,1,0,1,0,0,0,NoValue,0,0,0
2 A 61,-1,1,1,0,0,0,0,0,0,0,0,0,0,0,NoValue,0,0,0
2 A 65 / M 1987,-1,1,1,0,0,0,0,0,0,0,0,0,0,0,NoValue,0,0,0
2 B 11,-1,1,1,0,0,0,0,0,0,0,0,0,0,0,NoValue,0,0,0
2 B 9 Vasilyek,1.58,1,1,0,0,0,0,0,0,0,0,0,0,0,NoValue,0,0,1
2 S 1 / M 1974,2.85,0,0,1,1,1,1,1,0,1,1,1,1,1,MTLB,1,0,1
2 S 19 ,3.38,0,0,1,1,1,1,1,0,1,1,1,1,1,NoValue,1,1,1
2 S 23,2.9,0,1,0,0,0,1,1,1,1,1,0,1,1,BTR 80,1,1,0
2 S 25 Sprut-SD,3.15,0,0,1,1,1,1,1,0,1,1,0,1,1,NoValue,1,1,1
2 S 3 / M 1973,3.25,0,0,1,1,1,1,1,0,1,1,1,1,1,2 S 3,1,0,1
2 S 4 / M 1975,3.25,0,0,1,1,1,0,0,0,1,1,1,1,1,2 S 3,1,0,1
2 S 5 ,3.25,0,0,1,1,1,0,0,0,1,1,1,1,1,NoValue,1,0,1
2 S 7 ,3.38,0,0,1,1,1,0,0,0,1,1,1,1,1,2 S 3,1,0,1
2 S 9 ,2.63,0,0,1,1,1,1,1,0,1,1,0,1,1,BMD,1,1,1
4KH 7FA Pi,2.5,0,0,1,1,1,0,0,0,1,1,1,1,1,NoValue,1,1,1
4KH 7FA SB-20 a,2.5,0,0,1,1,1,0,0,0,1,1,1,1,1,NoValue,1,1,1
9T244 (URAL 4320),2.69,0,1,0,0,0,0,0,1,0,1,0,0,0,Ural 375,0,0,0
9T245 (URAL4320),2.69,0,1,0,0,0,0,0,1,0,1,0,0,0,Ural 375,0,0,0
9T31M1,-1,0,1,0,0,0,0,0,1,0,1,0,0,0,Ural375,0,0,0
A 100,3.05,0,1,0,0,0,0,0,1,0,1,0,0,0,9A52,0,0,0
A 222 Bereg,3.1,0,1,0,0,0,1,1,1,0,1,0,0,0,MAZ 543,0,0,0
AAV 7 ,3.27,0,0,1,1,1,1,1,0,1,1,0,1,1,AAV 7,1,0,1
AAVR 7,3.27,0,0,1,1,1,0,0,0,1,1,0,1,1,AAV 7,1,0,1
ABI,2.23,0,1,0,0,0,1,1,1,0,1,1,1,1,NoValue,1,0,0
Achzarit (T-55),3.6,0,0,1,1,1,0,0,0,1,1,0,1,1,T-54/55,1,0,1
ACMAT  Lang 4x4 ;2.5 TO,2.1,0,1,0,0,0,0,0,1,0,1,1,1,1,VLRA,0,0,0
ACMAT VLRA Jeep,2.07,0,1,0,0,0,0,0,1,0,1,1,1,1,VLRA,0,0,0
ACMAT VLRA kurz Transport 2.5 TO,-1,0,1,0,0,0,0,0,1,0,1,1,1,1,VLRA,0,0,0
ADATS LAV III,2.72,0,1,0,0,0,1,1,1,1,1,0,1,1,NoValue,1,0,0
ADATS M113 A2,2.68,0,0,1,1,1,1,1,0,1,1,1,1,1,M 113,1,0,1
Akrep,1.91,0,1,0,0,0,1,1,1,0,1,1,1,1,NoValue,1,0,0
Al Hussein,3.51,0,0,1,1,1,1,1,0,1,1,1,1,1,Challenger,1,1,1
Al Khalid (MBT2000),3.5,0,0,1,1,1,1,1,0,1,1,0,1,1,T-90,1,1,1
Alligator 4x4 Master,2.37,0,1,0,0,0,0,0,1,0,1,1,1,1,NoValue,1,0,0
Alvis Vickers 4 / MAMBA,-1,0,1,0,0,0,0,0,1,0,0,0,0,0,NoValue,0,0,0
Al Zarrar,3.37,0,0,1,1,1,1,1,0,1,1,0,1,1,T-54/55,1,1,1
AML 20,1.97,0,1,0,0,0,1,1,1,0,1,1,1,1,Panhard AML,1,1,0
AML 60 (HE60-7),1.97,0,1,0,0,0,1,1,1,0,1,1,1,1,NoValue,1,1,0
AML 90 (H90),1.97,0,1,0,0,0,1,1,1,0,1,1,1,1,NoValue,1,1,0
AML 90 (Lynx90 / Eland90) PANHARD,1.97,0,1,0,0,0,1,1,1,0,1,1,1,1,NoValue,1,1,0
AMX 10 P,2.78,0,0,1,1,1,1,1,0,1,1,1,1,1,AMX 10,1,0,1
AMX 10 P ECH,2.78,0,0,1,1,1,1,1,0,1,1,1,1,1,AMX 10,1,0,1
AMX 10 P HOT,2.78,0,0,1,1,1,1,1,0,1,1,1,1,1,AMX 10,1,0,1
AMX 10 P PAC 90,2.78,0,0,1,1,1,1,1,0,1,1,1,1,1,AMX 10,1,0,1
AMX 10 P VOA,2.78,0,0,1,1,1,1,1,0,1,1,1,1,1,AMX 10,1,0,1
AMX 10 RC,2.95,0,1,0,0,0,1,1,1,1,1,0,1,1,NoValue,1,1,0
AMX 13,2.51,0,0,1,1,1,1,1,0,1,1,1,1,1,AMX 13,1,0,1
AMX 155,2.7,0,0,1,1,1,0,0,0,1,1,1,1,1,AMX 13,1,0,1
AMX 155 GCT ,3.15,0,0,1,1,1,1,1,0,1,1,1,1,1,AMX 30,1,1,1
AMX 30,3.1,0,0,1,1,1,1,1,0,1,1,1,1,1,AMX 30,1,1,1
AMX 30 B2,3.1,0,0,1,1,1,1,1,0,1,1,1,1,1,AMX 30,1,1,1
AMX 30 Brenus,3.1,0,0,1,1,1,1,1,0,1,1,1,1,1,AMX 30,1,1,1
AMX 30 D,3.15,0,0,1,1,1,0,0,0,1,1,1,1,1,AMX 30,1,1,1
AMX 30 Driver Training,3.1,0,0,1,1,1,1,1,0,1,1,1,1,1,AMX 30,1,1,1
AMX 30 EBG,3.35,0,0,1,1,1,1,1,0,1,1,1,1,1,AMX 30,1,1,1
AMX VTT,2.67,0,0,1,1,1,1,1,0,1,1,1,1,1,AMX 13,1,0,1
AN/TPQ-36,2.1,1,1,0,0,0,0,0,0,0,0,1,1,1,NoValue,0,0,1
AN/TPQ 37,-1,1,1,0,0,0,0,0,1,0,0,1,1,1,NoValue,0,0,0
APR 40,2.51,0,1,0,0,0,0,0,1,0,1,0,0,0,NoValue,1,0,0
APS-3 Pindad Anoa 6x6,2.5,0,1,0,0,0,1,1,1,1,1,0,1,1,NoValue,1,0,0
Arjun,3.85,0,0,1,1,1,1,1,0,1,1,1,1,1,NoValue,1,1,1
Armadillo,2.8,0,1,0,0,0,0,0,1,0,1,0,1,1,NoValue,1,0,0
Aro24 Cross Lander Jeep kurz,-1,0,1,0,0,0,0,0,1,0,1,1,1,1,NoValue,0,0,0
Aro Cross Lander Kombi,-1,0,1,0,0,0,0,0,1,0,1,1,1,1,NoValue,0,0,0
ARS-12 Dekon,2.32,0,1,0,0,0,0,0,1,0,1,1,1,1,NoValue,0,0,0
ARS-14 (Zil-131.URAL-4320),2.5,0,1,0,0,0,0,0,1,0,1,1,1,1,NoValue,0,0,0
AS 90,3.4,0,0,1,1,1,1,1,0,1,1,1,1,1,NoValue,1,0,1
Astra IVECO 6x6,-1,0,1,0,0,0,0,0,1,0,1,1,1,1,NoValue,0,0,0
Astros II SS30,2.9,0,1,0,0,0,0,0,1,0,1,1,1,1,NoValue,1,0,0
Astros II SS40,2.9,0,1,0,0,0,0,0,1,0,1,1,1,1,NoValue,1,0,0
AT-T,3.14,0,0,1,1,1,0,0,0,0,1,0,0,0,AT-T,1,0,0
Avenger HMMWV (M 1097),2.18,0,1,0,0,0,1,1,1,0,1,1,0,0,Hummer,0,0,0
AZM,3.08,0,0,1,1,1,1,1,0,1,1,1,1,1,MTLB,1,0,1
B-33 ZIMBRU,2.9,0,1,0,0,0,1,1,1,1,1,0,1,1,BTR 80,1,1,0
BAR LOCK (EW),9,1,1,0,0,0,0,0,0,0,0,1,1,1,NoValue,0,0,1
BAT,-1,0,0,1,1,1,0,0,0,1,1,1,1,1,AT T,1,0,0
BAT-2,-1,0,0,1,1,1,0,0,0,1,1,1,1,0,T-64,1,1,0
Bataleur,2.35,0,0,0,0,0,0,0,1,0,1,0,0,0,SAMIL 100,1,0,0
BAT-M,4.5,0,0,1,1,1,0,0,0,0,1,0,1,0,AT T,1,0,0
BAZ-5937/5939,2.78,0,1,0,0,0,0,0,1,1,1,1,1,1,NoValue,1,1,0
BDX,2.5,0,1,0,0,0,0,0,1,0,1,1,1,1,NoValue,1,0,0
Bedford MK 4,-1,0,1,0,0,0,0,0,1,0,1,0,0,0,NoValue,1,0,0
Berliet GBC 8 KT,2.4,0,1,0,0,0,0,0,1,0,1,0,0,0,NoValue,0,0,0
BIG BIRD,3,1,1,0,0,0,0,0,1,0,1,1,1,1,NoValue,0,0,0
BIG BIRD (S-400),3,1,1,0,0,0,0,0,1,0,1,1,1,1,NoValue,0,0,0
BILL BOARD,-1,0,0,1,1,1,1,1,0,1,1,1,1,1,S-300V,0,1,0
Bionix 25,2.7,0,0,1,1,1,1,1,0,1,1,1,1,1,Bionix,1,0,1
Bionix 40/50,2.7,0,0,1,1,1,1,1,0,1,1,1,1,1,Bionix,1,0,1
Bionix ARV,3,0,0,1,1,1,0,0,0,1,1,1,1,1,Bionix,1,0,1
Bionix II,2.7,0,0,1,1,1,1,1,0,1,1,1,1,1,Bionix,1,0,1
Bison Mortar FSV,2.6,0,1,0,0,0,0,0,1,1,1,0,1,1,Piranha 1 8x8,1,0,0
BLG-60,3.5,0,0,1,1,1,0,0,0,1,1,1,1,1,T-54/55,1,1,1
BM-13,-1,0,1,0,0,0,0,0,1,0,1,0,0,0,NoValue,0,0,0
BM-21 Grad,2.4,0,1,0,0,0,0,0,1,0,1,0,0,0,NoValue,0,0,0
BM-22 Uragan,3.1,0,1,0,0,0,0,0,1,0,1,0,0,0,ZIL 135,0,0,0
BM-24,2.3,0,1,0,0,0,0,0,1,0,1,1,1,1,NoValue,0,0,0
BMD-1,2.63,0,0,1,1,1,1,1,0,1,1,0,1,1,BMD,1,1,1
BMD-1P,2.63,0,0,1,1,1,1,1,0,1,1,0,1,1,BMD,1,1,1
BMD-2,2.63,0,0,1,1,1,1,1,0,1,1,0,1,1,BMD,1,1,1
BMD-20,2.3,0,1,0,0,0,0,0,1,0,1,1,1,1,NoValue,0,0,0
BMD-3,2.63,0,0,1,1,1,1,1,0,1,1,0,1,1,BMD,1,1,1
BMD-4,3.15,0,0,1,1,1,1,1,0,1,1,1,1,1,BMD,1,1,1
BMP-1,2.94,0,0,1,1,1,1,1,0,1,1,1,1,1,BMP,1,0,1
BMP-1 KSh,2.94,0,0,1,1,1,1,1,0,1,1,1,1,1,BMP,1,0,1
BMP-1P,2.94,0,0,1,1,1,1,1,0,1,1,1,1,1,BMP,1,0,1
BMP-2,3.15,0,0,1,1,1,1,1,0,1,1,1,1,1,BMP,1,0,1
BMP-23,2.85,0,0,1,1,1,1,1,0,1,1,1,1,1,NoValue,1,0,1
BMP-23A,2.85,0,0,1,1,1,1,1,0,1,1,1,1,1,NoValue,1,0,1
BMP-3,3.23,0,0,1,1,1,1,1,0,1,1,1,1,1,BMP-3,1,0,1
BMP-30,2.85,0,0,1,1,1,1,1,0,1,1,1,1,1,NoValue,1,0,1
BMP-3 Chrysanthemum (9P157),3.23,0,0,1,1,1,0,0,0,1,1,1,1,1,NoValue,1,1,1
BMP-3 Driver Trainer,3.23,0,0,1,1,1,1,1,0,1,1,1,1,1,BMP-3,1,0,1
BMP-3 Kornet (9P162),3.23,0,0,1,1,1,0,0,0,1,1,1,1,1,NoValue,1,1,1
BMR 600 AMB,2.5,0,1,0,0,0,0,0,1,1,1,0,1,1,BMR 600,1,0,0
BMR 600 ARV,2.5,0,1,0,0,0,0,0,1,1,1,0,1,1,BMR 600,1,0,0
BMR 600 M1 AMB,2.5,0,1,0,0,0,0,0,1,1,1,0,1,1,BMR 600,1,0,0
BMR 600 MCC.TOW,2.5,0,1,0,0,0,0,0,1,1,1,0,1,1,BMR 600,1,0,0
BMR 600 PM,2.5,0,1,0,0,0,0,0,1,1,1,0,1,1,BMR 600,1,0,0
BMR 600 PP,2.5,0,1,0,0,0,0,0,1,1,1,0,1,1,BMR 600,1,0,0
Bofors 40 L-70,2,1,1,0,0,0,0,0,1,0,0,1,0,0,NoValue,0,0,1
BOV-1,2.53,0,1,0,0,0,1,1,1,1,1,1,1,1,BOV,1,1,0
BOV-M,2.53,0,1,0,0,0,0,0,1,1,1,1,1,1,BOV,1,1,0
Bradley AMTV,3.6,0,0,1,1,1,0,0,0,1,1,1,1,1,M2/M3 Bradley,1,0,1
Bradley Linebacker M6,3.6,0,0,1,1,1,1,1,0,1,1,1,1,1,M2 / M3 Bradley,1,0,1
BRAVIA Chaimite MK-I V-200 4x4 APC,2.26,0,1,0,0,0,1,1,1,1,1,1,1,1,BRAVIA Chaimite MK-I V-200 4x4 APC,1,0,0
BRDM-1,2.25,0,1,0,0,0,0,0,1,1,1,0,1,1,NoValue,1,0,0
BRDM-2,2.35,0,1,0,0,0,1,1,1,1,1,0,1,1,BRDM 2,1,1,0
BRDM-2 AT5 Spandrel,2.35,0,1,0,0,0,0,0,1,1,1,0,1,1,BRDM 2,1,1,0
BRDM-2 Sagger,2.35,0,1,0,0,0,0,0,1,1,1,0,1,1,BRDM 2,1,1,0
BREM-1,3.46,0,0,1,1,1,0,0,0,1,1,1,1,1,T-72,1,1,1
BREM-2,2.94,0,0,1,1,1,0,0,0,1,1,1,1,1,BMP 1,1,0,1
BREM-4,2.94,0,0,1,1,1,0,0,0,1,1,1,1,1,BMP 1,1,0,1
BREM-80U,3.6,0,0,1,1,1,0,0,0,1,1,1,1,1,T-72,1,1,1
BREM-84 Atlet ARRV,3.56,0,0,1,1,1,0,0,0,1,1,0,1,1,T-84,1,1,1
BREM-K,2.9,0,1,0,0,0,1,1,1,1,1,0,1,1,BTR 80,1,1,0
BRM-1,2.94,0,0,1,1,1,1,1,0,1,1,1,1,1,BMP,1,0,1
BRM-23,3.06,0,0,1,1,1,1,1,0,1,1,1,1,1,BMP,1,0,1
BRM-3K (RYS),3.23,0,0,1,1,1,1,1,0,1,1,1,1,1,BMP-3,1,0,1
Bronco ATTC,2.2,1,0,1,1,1,0,0,0,1,1,1,1,1,NoValue,1,0,1
BTM-3,-1,0,0,1,1,1,0,0,0,1,1,1,1,1,AT T,0,0,0
BTR-152 ,2.32,0,1,0,0,0,0,0,1,0,1,1,1,1,BTR 152,0,0,0
BTR-152 A,2.32,0,1,0,0,0,0,0,1,0,1,1,1,0,BTR 152,0,0,0
BTR-152 K,2.32,0,1,0,0,0,0,0,1,0,1,1,1,0,BTR 152,1,0,0
BTR-152 U,2.32,0,1,0,0,0,0,0,1,0,1,1,1,0,BTR 152,0,0,0
BTR-40,1.9,0,1,0,0,0,0,0,1,0,1,1,1,1,NoValue,1,0,0
BTR-50 PK,3.14,0,0,1,1,1,0,0,0,1,1,1,1,0,BTR 50,1,1,1
BTR-50 PU,3.14,0,0,1,1,1,0,0,0,1,1,1,1,1,BTR 50,1,1,1
BTR-60 PA,2.83,0,1,0,0,0,0,0,1,1,1,0,1,1,BTR 60,1,1,0
BTR-60 PB,2.83,0,1,0,0,0,1,1,1,1,1,0,1,1,BTR 60,1,1,0
BTR-60 PU,2.83,0,1,0,0,0,0,0,1,1,1,0,1,1,BTR 60,1,1,0
BTR-60 PU 12,2.83,0,1,0,0,0,0,0,1,1,1,0,1,1,BTR 60,1,1,0
BTR-70,2.8,0,1,0,0,0,1,1,1,1,1,0,1,1,BTR 70,1,1,0
BTR-80,2.9,0,1,0,0,0,1,1,1,1,1,0,1,1,BTR 80,1,1,0
BTR-80 A,2.9,0,1,0,0,0,1,1,1,1,1,0,1,1,BTR 80,1,1,0
BTR-80 ZS 88,2.9,0,1,0,0,0,1,1,1,1,1,0,1,1,BTR 80,1,1,0
BTR-90,3.2,0,1,0,0,0,1,1,1,1,1,0,1,1,BTR 80,1,1,0
BTR-94,2.9,0,1,0,0,0,1,1,1,1,1,0,1,1,BTR 80,1,1,0
BTR-D ,2.63,0,0,1,1,1,0,0,0,1,1,0,1,1,BMD,1,1,1
Buffalo MRAP,2.6,0,1,0,0,0,0,0,1,0,1,1,1,1,Buffalo,1,0,0
Bushmaster,2.5,0,1,0,0,0,0,0,1,1,1,1,1,1,NoValue,1,0,0
BV 206 D,1.87,0,0,1,1,1,0,0,0,0,1,1,1,1,BV 206,1,0,0
BV 206 S,2,0,0,1,1,1,0,0,0,0,1,1,1,1,BV 206,1,0,0
BV 206 S Ambulance,2.0,0,0,1,1,1,0,0,0,0,1,1,1,1,NoValue,1,0,0
BVP M-60 P,2.77,0,0,1,1,1,0,0,0,1,1,1,1,1,NoValue,1,0,1
BVP M-80 A,2.9,0,0,1,1,1,1,1,0,1,1,1,1,1,NoValue,1,0,1
BVS 10,2.1,0,0,1,1,1,0,0,0,1,1,1,1,1,BV 206,1,0,1
C 1 Ariete,3.6,0,0,1,1,1,1,1,0,1,1,1,1,1,NoValue,1,1,1
Caesar 155mm,2.55,0,1,0,0,0,0,0,1,0,1,1,1,1,NoValue,0,0,0
Caiman 4x4 MRAP,2.59,0,1,0,0,0,1,1,1,0,1,0,0,0,Caiman,1,0,0
Caiman 6x6 MRAP,2.41,0,1,0,0,0,0,0,1,0,1,0,0,0,Caiman,1,0,0
Centauro,3.05,0,1,0,0,0,1,1,1,1,1,1,1,1,NoValue,1,0,0
CHAIR BACK,3.3,0,0,1,1,1,1,1,0,1,1,1,1,1,SA-17,1,1,1
Challenger 1,3.51,0,0,1,1,1,1,1,0,1,1,1,1,1,Challenger,1,1,1
Challenger 2,3.51,0,0,1,1,1,1,1,0,1,1,1,1,1,Challenger,1,1,1
Challenger ARRV,3.85,0,0,1,1,1,0,0,0,1,1,1,1,1,Challenger,1,1,1
Challenger Driver Training,3.51,0,0,1,1,1,1,1,0,1,1,1,1,1,Challenger,1,1,1
Chapparal M-48,2.69,0,0,1,1,1,1,1,0,1,1,1,1,1,M 113,1,0,1
Chapparal M 85,-1,1,1,0,0,0,1,1,1,0,0,1,1,1,NoValue,0,0,0
CHEESE BOARD,3,0,1,0,0,0,0,0,1,0,1,1,1,1,NoValue,0,0,0
Chieftain ARV,-1,0,0,1,1,1,0,0,0,1,1,1,1,1,Chieftain,1,1,0
CLAM SHELL (5N66),-1,1,1,0,0,0,0,0,0,0,0,0,0,0,NoValue,0,0,0
Cobra,2.6,0,1,0,0,0,1,1,1,1,1,1,1,1,NoValue,1,0,0
COBRA Artillery Radar,-1,0,1,0,0,0,0,0,1,0,1,1,1,1,NoValue,1,0,0
Combat Engineer Tractor (CET),2.94,0,0,1,1,1,0,0,0,1,1,1,0,0,FV 100er,1,0,1
Condor,2.47,0,1,0,0,0,0,0,1,1,1,1,1,1,NoValue,1,0,0
Condor / twin 7.62mm turret,2.47,0,1,0,0,0,1,1,1,1,1,1,1,1,NoValue,1,0,0
Cougar,2.5,0,1,0,0,0,1,1,1,1,1,1,1,1,Piranha 1,1,0,0
Cougar 4x4 H MRUV MRAP,2.71,0,1,0,0,0,0,0,1,0,1,0,0,0,FPI Cougar,1,0,0
Cougar 6x6 HE,2.74,0,1,0,0,0,0,0,1,0,1,0,0,0,FPI Cougar,1,0,0
Crotale,2.72,0,1,0,0,0,1,1,1,1,1,1,1,1,NoValue,0,1,0
Crotale NG Shelter Mounted,-1,1,1,0,0,0,1,1,1,0,0,1,1,1,NoValue,0,0,0
Crotale NG Transloader,-1,0,1,0,0,0,0,0,1,0,1,1,1,1,Sisu,1,0,0
Crotale NG XA 181 (Sisu),2.95,0,1,0,0,0,1,1,1,1,1,1,1,1,XA 180,1,0,0
CSS-6,3,0,1,0,0,0,0,0,1,0,1,1,1,1,NoValue,0,0,0
CSS-7,-1,0,1,0,0,0,0,0,1,0,1,1,1,1,NoValue,1,0,0
CV 9030,3.19,0,0,1,1,1,1,1,0,1,1,1,1,1,CV 90,1,0,1
CV 9035 DK,3.19,0,0,1,1,1,1,1,0,1,1,1,1,1,CV 90,1,0,1
CV 9040,3.19,0,0,1,1,1,1,1,0,1,1,1,1,1,CV 90,1,0,1
CV 90 AOV,3.19,0,0,1,1,1,1,1,0,1,1,1,1,1,CV 90,1,0,1
CV 90 ARV,3.19,0,0,1,1,1,1,1,0,1,1,1,1,1,CV 90,1,0,1
CYMBELINE,2.8,0,0,1,1,1,0,0,0,1,1,1,1,1,NoValue,1,0,1
D-1,-1,1,1,0,0,0,0,0,0,0,0,0,0,0,NoValue,0,0,0
D-20,2.4,1,1,0,0,0,0,0,0,0,0,0,0,0,NoValue,0,0,1
D-30 ,1.95,1,1,0,0,0,0,0,0,0,0,0,0,0,D-30,0,0,1
D-44,1.78,1,1,0,0,0,0,0,0,0,0,0,0,0,NoValue,0,0,1
D-74,2.35,1,1,0,0,0,0,0,0,0,0,0,0,0,NoValue,0,0,1
Dardo VCC 80,3,0,0,1,1,1,1,1,0,1,1,1,1,1,NoValue,1,0,1
DB 5 to mil,2.5,0,1,0,0,0,0,0,1,0,1,0,0,0,NoValue,1,0,0
DB Unimog U 1300 L,2.35,0,1,0,0,0,0,0,1,0,1,0,0,0,NoValue,1,0,0
Dingo 1,2.39,0,1,0,0,0,0,0,1,0,1,1,1,1,Dingo,1,0,0
Dingo 1 EMU,2.39,0,1,0,0,0,0,0,1,0,1,1,1,1,Dingo,1,0,0
Dingo 2 ,2.39,0,1,0,0,0,0,0,1,0,1,1,1,1,Dingo,1,0,0
Dingo 2 HD Heavy Duty,2.39,0,1,0,0,0,1,1,1,0,1,1,1,1,Dingo,1,0,0
DOG EAR,2.85,0,0,1,1,1,0,0,0,1,1,1,1,1,MTLBu,1,0,1
DOG TAIL,2.69,0,1,0,0,0,0,0,1,0,1,0,0,0,NoValue,0,0,0
Duro III 6x6,2.16,0,1,0,0,0,0,0,1,0,1,1,1,1,NoValue,0,0,0
Duro III SAN,2.46,0,1,0,0,0,0,0,1,0,1,1,1,1,Duro,1,0,0
Duro III YAK,2.46,0,1,0,0,0,0,0,1,0,1,1,1,1,Duro,1,0,0
EE 3 Jararaca,2.24,0,1,0,0,0,0,0,1,1,1,1,1,1,NoValue,1,1,0
EE 9 Cascaval,2.64,0,1,0,0,0,1,1,1,1,1,1,1,1,NoValue,1,1,0
ERC 90 F1 Lynx,2.5,0,1,0,0,0,1,1,1,1,1,1,1,1,NoValue,1,1,0
Fahd 240,2.45,0,1,0,0,0,0,0,1,1,1,1,1,1,NoValue,1,0,0
Fajr 2,2.4,0,1,0,0,0,0,0,1,0,1,0,0,0,NoValue,0,0,0
Fan Song A,-1,1,1,0,0,0,0,0,0,0,0,1,0,0,FAN SONG,0,0,0
Fan Song B/C,-1,1,1,0,0,0,0,0,0,0,0,1,0,0,FAN SONG,0,0,0
Fan Song E,-1,1,1,0,0,0,0,0,0,0,0,1,0,0,FAN SONG,0,0,0
Fan Song F,-1,1,1,0,0,0,0,0,0,0,0,1,0,0,FAN SONG,0,0,0
Fennek,2.55,0,1,0,0,0,0,0,1,0,1,1,1,0,NoValue,1,1,0
FFB,-1,0,1,0,0,0,0,0,1,0,1,1,1,1,MAN GL,1,0,0
FH 2000,-1,1,0,0,0,0,0,0,0,0,0,0,0,0,NoValue,0,0,0
FH 70,7.5,1,1,0,0,0,0,0,0,0,0,0,0,0,NoValue,0,0,1
FH 77 A,7.18,1,1,0,0,0,0,0,0,0,0,0,0,0,NoValue,0,0,1
FH 77 B,7.18,1,1,0,0,0,0,0,0,0,0,0,0,0,NoValue,0,0,1
FH 88,-1,1,1,0,0,0,0,0,0,0,0,0,0,0,NoValue,0,0,0
Fiat 6614,2.5,0,1,0,0,0,0,0,1,1,1,0,0,0,NoValue,1,0,0
FLAP LID A  Trailer,-1,1,1,0,0,0,0,0,0,0,0,1,1,1,NoValue,0,0,0
FLAP LID B,-1,0,1,0,0,0,0,0,1,0,1,1,1,1,NoValue,0,0,0
FLAT FACE A,-1,0,1,0,0,0,0,0,1,0,1,0,0,0,FLAT FACE,0,0,0
FLAT FACE B,-1,0,1,0,0,0,0,0,1,0,1,0,0,0,FLAT FACE,0,0,0
FLAT FACE E,-1,0,1,0,0,0,0,0,1,0,1,0,0,0,Flat Face,0,0,0
Foxhound,2.07,0,1,0,0,0,0,0,1,1,1,0,1,1,NoValue,1,0,0
Frog 7 B 9P113,2.8,0,1,0,0,0,0,0,1,0,1,0,0,0,Zil 135,1,0,0
Frog 7 B Resupply ,2.8,0,1,0,0,0,0,0,1,0,1,0,0,0,ZIL 135,1,0,0
FSB-Deck auf MAN 7 to GL,3.31,0,1,0,0,0,0,0,1,0,1,0,0,0,MAN ,1,0,0
FSB-Ramp auf MAN 7 to GL,3.31,0,1,0,0,0,0,0,1,0,1,1,1,1,MAN ,1,0,0
FSG,3,0,1,0,0,0,0,0,1,0,1,0,0,0,NoValue,1,0,0
Fuchs 1A7,2.98,0,1,0,0,0,0,0,1,1,1,0,1,1,Fuchs,1,0,0
Fuchs 1A8,2.98,0,1,0,0,0,0,0,1,1,1,0,1,1,Fuchs,1,0,0
Fuchs 1A8 Pionierfahrzeug,2.98,0,1,0,0,0,0,0,1,1,1,0,1,1,Fuchs,1,0,0
Fuchs ABC Spürpanzer,2.98,0,1,0,0,0,0,0,1,1,1,0,1,1,Fuchs,1,0,0
Fuchs APC,2.98,0,1,0,0,0,0,0,1,1,1,0,1,1,Fuchs,1,0,0
Fuchs EBS Pioniergruppenfahrzeug,2.98,0,1,0,0,0,0,0,1,1,1,0,1,1,Fuchs,1,0,0
Fuchs EBS SAN,2.98,0,1,0,0,0,0,0,1,1,1,0,1,1,Fuchs,1,0,0
Fuchs Hummel,2.98,0,1,0,0,0,0,0,1,1,1,0,1,1,Fuchs,1,0,0
Fuchs KWS/RMB,2.98,0,1,0,0,0,0,0,1,1,1,0,1,1,Fuchs,1,0,0
Fuchs PARA (Rasit),2.98,0,1,0,0,0,0,0,1,1,1,0,1,1,Fuchs,1,0,0
FUG (OT-65),2.5,0,1,0,0,0,0,0,1,1,1,0,1,1,NoValue,1,1,0
FV-432,2.8,0,0,1,1,1,0,0,0,1,1,1,1,1,NoValue,1,0,1
FV-432 81mm Mortar,2.8,0,0,1,1,1,0,0,0,1,1,1,1,1,NoValue,1,0,1
FV-433 Abbot SPG,2.8,0,0,1,1,1,1,1,0,1,1,1,1,1,NoValue,1,0,1
FV-434,2.8,0,0,1,1,1,0,0,0,1,1,1,1,1,NoValue,1,0,1
FV-438 Swingfire,2.8,0,0,1,1,1,1,1,0,1,1,1,1,1,NoValue,1,0,1
FV-721 Fox,2.13,0,1,0,0,0,1,1,1,1,1,1,1,1,NoValue,1,1,0
G 5,8.7,1,1,0,0,0,0,0,0,0,0,0,0,0,NoValue,0,0,1
G 6 Rhino,3.4,0,1,0,0,0,1,1,1,1,1,1,1,1,NoValue,1,0,0
GAZ 66,2.34,0,1,0,0,0,0,0,1,0,1,0,0,0,NoValue,0,0,0
Gepard,3.71,0,0,1,1,1,1,1,0,1,1,1,1,0,Leopard 1,1,1,1
GHN 45 (APU),2.5,1,1,0,0,0,0,0,0,0,0,0,0,0,NoValue,0,0,1
GHN 45 (towed),2.5,1,1,0,0,0,0,0,0,0,0,0,0,0,NoValue,0,0,1
Gillois BA,3.35,0,1,0,0,0,0,0,1,0,1,1,1,1,Gillois,1,0,0
Gillois PA deck section,3.35,0,1,0,0,0,0,0,1,0,1,1,1,1,Gillois,1,0,0
Gillois PA ramp section,3.35,0,1,0,0,0,0,0,1,0,1,1,1,1,Gillois,1,0,0
GIN SLING A/B/ SNR-75,-1,0,1,0,0,0,0,0,1,0,0,1,1,1,NoValue,0,0,0
GRAVESTONE,-1,0,1,0,0,0,0,0,1,0,1,1,1,1,NoValue,0,0,0
GRILL PAN / GRILL SCREEN,-1,0,0,1,1,1,1,1,0,1,1,1,1,1,S-300V,0,1,0
Grizzly,2.5,0,1,0,0,0,1,1,1,1,1,1,1,1,Piranha 1,1,0,0
GSP B,3.54,0,0,1,1,1,0,0,0,1,1,1,1,1,NoValue,0,0,1
GTK Boxer (DEU),2.99,0,1,0,0,0,0,0,1,1,1,1,1,1,NoValue,1,0,0
HAWK CWAR ,-1,1,1,0,0,0,0,0,1,0,0,1,0,0,NoValue,0,0,0
HAWK HPIR ,-1,1,1,0,0,0,0,0,1,0,0,1,0,0,NoValue,0,0,0
HAWK ICC,-1,1,1,0,0,0,0,0,1,0,0,1,1,1,NoValue,0,0,0
HAWK Launcher ,-1,1,1,0,0,0,0,0,1,0,0,1,1,1,NoValue,0,0,0
HAWK Launcher ,2.69,0,0,1,1,1,0,0,0,1,1,1,1,1,M 113,1,0,1
HAWK Loader,-1,0,0,1,1,1,0,0,0,1,1,1,1,1,NoValue,0,0,0
HAWK PAR ,-1,1,1,0,0,0,0,0,0,0,0,1,1,1,NoValue,0,0,0
HAWK ROR ,-1,1,1,0,0,0,0,0,1,0,0,1,0,0,NoValue,0,0,0
HAWK Transport Trailer,-1,1,1,0,0,0,0,0,1,0,0,0,0,0,NoValue,0,0,0
HIGH SCREEN,-1,0,0,1,1,1,1,1,0,1,1,1,1,1,S-300V,0,1,0
HIMARS,2.4,0,1,0,0,0,0,0,1,0,1,0,0,0,NoValue,1,0,0
HMMWV,2.16,0,1,0,0,0,0,0,1,0,1,1,1,1,Hummer,0,0,0
HMMWV 1,-1,0,1,0,0,0,0,0,1,0,1,1,1,1,Hummer,0,0,0
HMMWV HRV,-1,0,1,0,0,0,0,0,1,0,1,1,1,1,Hummer,1,0,0
HMMWV LOSAT,2.16,0,1,0,0,0,0,0,1,0,1,1,1,1,HUMMER,0,0,0
HQ-7 / FM-80,2.72,0,1,0,0,0,1,1,1,1,1,1,1,1,NoValue,0,1,0
HQ-7 / FM-80 Radar,2.72,0,1,0,0,0,0,0,1,1,1,1,1,1,NoValue,0,1,0
HQ-9.Hongqi-9,3.05,0,1,0,0,0,0,0,1,0,1,1,1,1,S-300P,0,0,0
Husky,2.5,0,1,0,0,0,0,0,1,1,1,1,1,1,Piranha 1,1,0,0
Husky TSV,2.4,0,1,0,0,0,0,0,1,0,1,0,0,0,MXT-MV,1,0,0
HUSKY VMMD,2.53,0,1,0,0,0,0,0,1,0,1,1,1,1,NoValue,0,0,0
IKV 91,3,0,0,1,1,1,1,1,0,1,1,1,1,1,NoValue,1,1,1
IMR,3.48,0,0,1,1,1,1,1,0,1,1,0,0,0,T-54/55,1,1,1
IMR-2,-1,0,0,1,1,1,1,1,0,1,1,0,0,0,T-72,1,1,0
IMR-2MA,3.5,0,0,1,1,1,1,1,0,1,1,0,0,0,T-72,1,1,1
IRM,3.15,0,0,1,1,1,0,0,0,1,1,0,1,1,BMP 1,1,1,1
IVECO LMV ,2,0,1,0,0,0,0,0,1,0,1,0,0,0,LMV Iveco,1,0,0
IVECO LMV  AMBULANCE,2,0,1,0,0,0,0,0,1,0,1,0,0,0,LMV Iveco,1,0,0
Iveco MAV,2.3,0,1,0,0,0,0,0,1,0,1,0,0,0,Iveco MAV,1,0,0
Iveco MAV Ambulance,2.5,0,1,0,0,0,0,0,1,0,1,0,0,0,Iveco MAV,0,0,0
Ivema Gila,-1,0,1,0,0,0,1,1,1,1,1,1,1,1,MRAP,0,0,0
Jackal,-1,0,1,0,0,0,0,0,1,0,1,1,1,1,NoValue,0,0,0
Jaguar 1 HOT,3.12,0,0,1,1,1,0,0,0,1,1,1,1,1,Jaguar,1,1,1
Jaguar 2 TOW,3.12,0,0,1,1,1,0,0,0,1,1,1,1,1,NoValue,1,1,1
K-1 ,3.6,0,0,1,1,1,1,1,0,1,1,1,1,1,K-1,1,1,1
K-1 A1,3.6,0,0,1,1,1,1,1,0,1,1,1,1,1,K-1,1,1,1
K-1 ARV,3.6,0,0,1,1,1,0,0,0,1,1,1,0,0,K-1,1,1,1
K-200 (KIFV),-1,0,0,1,1,1,1,1,0,1,1,1,1,1,K 200,1,0,0
K-277 (KIFV),2.85,0,0,1,1,1,0,0,0,1,1,1,1,1,K-200,1,0,1
K-2 Black Panther,3.6,0,0,1,1,1,1,1,0,1,1,1,1,1,K2,1,1,1
K-54,2.45,1,1,0,0,0,0,0,0,0,0,0,0,0,NoValue,0,0,1
KASTA 2E2,-1,0,1,0,0,0,0,0,1,0,1,0,0,0,FLAT FACE,0,0,0
Keiler,3.79,0,0,1,1,1,0,0,0,1,1,1,1,1,M 48,1,1,1
KOLCHUGA,2.95,0,1,0,0,0,0,0,1,0,1,1,1,1,NoValue,0,0,0
KRAZ 214 / 255 / 255B,2.75,0,1,0,0,0,0,0,1,0,1,0,0,0,KRAZ 214 / 255,0,0,0
KRAZ 260,2.72,0,1,0,0,0,0,0,1,0,1,1,1,1,KRAZ 260,0,0,0
Land Rover Defender 110,-1,0,1,0,0,0,0,0,1,0,1,1,1,1,NoValue,0,0,0
LAV-25,2.5,0,1,0,0,0,1,1,1,1,1,0,1,1,LAV,1,0,0
LAV 25 ASLAV25,2.5,0,1,0,0,0,1,1,1,1,1,0,1,1,LAV,1,0,0
LAV-25 ASLAV Recovery,-1,0,0,0,0,0,0,0,0,0,0,0,0,0,LAV,0,0,0
LAV-25 Bison,2.6,0,1,0,0,0,0,0,1,1,1,0,1,1,Piranha 1 8x8,1,0,0
LAV-300 MK II,-1,0,0,0,0,0,0,0,0,0,0,0,0,0,LAV,0,0,0
LAV ASLAV COMMAND,-1,0,0,0,0,0,0,0,0,0,0,0,0,0,LAV,0,0,0
LAV ASLAV PC,-1,0,0,0,0,0,0,0,0,0,0,0,0,0,LAV,0,0,0
LAV-TUA (M 1047)TUA(TowUnderArmour),-1,0,0,0,0,0,0,0,0,0,0,0,0,0,LAV,0,0,0
Lazar 1 ,2.4,0,1,0,0,0,1,0,1,1,1,1,1,1,BTR,1,0,0
Lazar 2 BVT,-1,0,0,0,0,0,0,0,0,0,0,0,0,0,BTR,0,0,0
Leclerc,3.71,0,0,1,1,1,1,1,0,1,1,1,1,1,NoValue,1,1,1
Leclerc ARV,-1,0,0,1,1,1,0,0,0,1,1,1,1,1,NoValue,1,1,0
LEG DRIVE,-1,0,1,0,0,0,0,0,1,0,1,1,1,1,Smerch,0,0,0
Leopard 1 A1 A2,3.41,0,0,1,1,1,1,1,0,1,1,1,1,1,Leopard 1,1,1,1
Leopard 1 A3 A4,3.41,0,0,1,1,1,1,1,0,1,1,1,1,1,Leopard 1,1,1,1
Leopard 1 A5,3.41,0,0,1,1,1,1,1,0,1,1,1,1,1,Leopard 1,1,1,1
Leopard 1 AVLB,4,0,0,1,1,1,0,0,0,1,1,1,1,1,Leopard 1,1,1,1
Leopard 1 C,3.41,0,0,1,1,1,1,1,0,1,1,1,1,1,Leopard 1,1,1,1
Leopard 1 Driver Training,-1,0,0,1,1,1,1,1,0,1,1,1,1,1,Leopard 1,1,1,0
Leopard 1 Standard,3.25,0,0,1,1,1,0,0,0,1,1,1,1,1,Leopard 1,1,1,1
Leopard 2 A3 A4,3.7,0,0,1,1,1,1,1,0,1,1,1,1,1,Leopard 2,1,1,1
Leopard 2 A5,3.75,0,0,1,1,1,1,1,0,1,1,1,1,1,Leopard 2,1,1,1
Leopard 2 A6,3.75,0,0,1,1,1,1,1,0,1,1,1,1,1,Leopard 2,1,1,1
Leopard 2 Bergepanzer,3.54,0,0,1,1,1,0,0,0,1,1,1,1,1,Leopard 2,1,1,1
Leopard 2 Driver Training,-1,0,0,1,1,1,1,1,0,1,1,1,1,1,Leopard 2,1,1,0
Leopard  Pionierpanzer 1,3.25,0,0,1,1,1,0,0,0,1,1,1,1,1,Leopard 1,1,1,1
Leopard  Pionierpanzer 2,3.25,0,0,1,1,1,0,0,0,1,1,1,1,1,Leopard 1,1,1,1
Liebherr FKL,2.5,0,1,0,0,0,0,0,1,0,1,0,0,0,Liebherr,0,0,0
Liebherr FKM,2.75,0,1,0,0,0,0,0,1,0,1,0,0,0,Liebherr,0,0,0
LONG TRACK,-1,0,0,1,1,1,0,0,0,0,1,0,0,0,NoValue,1,0,0
LOW BLOW,7.2,1,1,0,0,0,0,0,0,0,0,0,0,0,NoValue,0,0,1
M 101,2.16,1,1,0,0,0,0,0,0,0,0,0,0,0,NoValue,0,0,1
M-102,1.96,1,1,0,0,0,0,0,0,0,0,0,0,0,NoValue,0,0,1
M 106 A1/A2,2.87,0,0,1,1,1,0,0,0,0,1,1,1,1,M 113,1,0,0
M 109 A2/A3,3.15,0,0,1,1,1,1,1,0,1,1,1,1,1,M 109,1,0,1
M 109 A3 G A 1/A2,3.15,0,0,1,1,1,1,1,0,1,1,1,1,1,M 109,1,0,1
M 109 A5 155mm,3.15,0,0,1,1,1,1,1,0,1,1,1,1,1,M 109,1,0,1
M 109 A6 155mm Paladin,3.14,0,0,1,1,1,1,1,0,1,1,1,1,1,M 109,1,0,1
M 110 A2 203mm,3.1,0,0,1,1,1,0,0,0,0,1,0,0,0,NoValue,1,0,0
M 1117 Guardian ASV,2.56,0,1,0,0,0,1,1,1,1,1,0,1,1,V 150,1,1,0
M 1126 Stryker,2.72,0,1,0,0,0,1,1,1,1,1,0,1,1,LAV,1,0,0
M 113 A1/A2,2.68,0,0,1,1,1,0,0,0,0,1,1,1,1,M 113,1,0,0
M 113 A1G 120mm,2.68,0,0,1,1,1,0,0,0,0,1,1,1,1,M 113,1,0,0
M 113 A3,2.68,0,0,1,1,1,0,0,0,1,1,1,1,1,M 113,1,0,1
M 113 A3 Ambulance,2.68,0,0,1,1,1,0,0,0,0,1,1,1,1,M 113,1,0,0
M 113 AS4,2.68,0,0,1,1,1,1,1,0,0,1,1,1,1,M 113,1,0,0
M 113 AS4 AF,-1,0,0,0,0,0,0,0,0,0,0,0,0,0,M 113,0,0,0
M 113 C & R,2.41,0,0,1,1,1,0,0,0,1,1,1,1,1,M 113,1,1,1
M 114,2.44,1,1,0,0,0,0,0,0,0,0,0,0,0,NoValue,0,0,1
M 114/39,2.44,1,1,0,0,0,0,0,0,0,0,0,0,0,NoValue,0,0,1
M 114 / KH179,2.44,1,1,0,0,0,0,0,0,0,0,0,0,0,NoValue,0,0,1
M 114 F,2.44,1,1,0,0,0,0,0,0,0,0,0,0,0,NoValue,0,0,1
M 114 S,2.44,1,1,0,0,0,0,0,0,0,0,0,0,0,NoValue,0,0,1
M 115  203mm,2.84,1,1,0,0,0,0,0,0,0,0,0,0,0,NoValue,0,0,1
M 1 155mm,2.84,1,1,0,0,0,0,0,0,0,0,0,0,0,NoValue,0,0,1
M 125,2.87,0,0,1,1,1,0,0,0,0,1,1,1,1,M 113,1,0,0
M 163 Vulcan,2.86,0,0,1,1,1,1,1,0,1,1,1,1,1,M 113,1,0,1
M 167 VULCAN,-1,1,1,0,0,0,0,0,1,0,0,1,0,0,NoValue,0,0,0
M 198,2.79,1,1,0,0,0,0,0,0,0,0,0,0,0,NoValue,0,0,1
M 1 A1 Abrams,3.66,0,0,1,1,1,1,1,0,1,1,1,1,1,M1 Abrams,1,1,1
M 1 A2 Abrams,3.66,0,0,1,1,1,1,1,0,1,1,1,1,1,M1 Abrams,1,1,1
M1 ABV (Assault Breacher Vehicle),3.6,0,0,1,1,1,1,1,0,1,1,1,1,1,NoValue,0,1,1
M2/M3 Bradley,3.6,0,0,1,1,1,1,1,0,1,1,1,1,1,M2/M3 Bradley,1,0,1
M 30 Type 54-1,1.98,1,1,0,0,0,0,0,0,0,0,0,0,0,NoValue,0,0,1
M 3 Alligator,3.45,0,1,0,0,0,0,0,1,0,0,0,1,1,M 2 / M 3 Alligator,0,0,0
M 41 Walker Bulldog,3.2,0,0,1,1,1,1,1,0,1,1,1,1,1,NoValue,1,1,1
M 46 towed gun,2.45,1,1,0,0,0,0,0,0,0,0,0,0,0,M-1954 / M46,0,0,1
M 47 Patton,3.51,0,0,1,1,1,1,1,0,1,1,1,1,1,NoValue,1,1,1
M 48 / M 60 AVLB,3.66,0,0,1,1,1,0,0,0,1,1,1,1,1,M 48,1,1,1
M 48 A2/A3,3.63,0,0,1,1,1,1,1,0,1,1,1,1,1,M 48,1,1,1
M 48 A5,3.63,0,0,1,1,1,1,1,0,1,1,1,1,1,M 48,1,1,1
M 48 towed gun,1.46,1,0,0,0,0,0,0,0,0,0,0,0,0,NoValue,0,0,1
M 53,2.36,1,0,0,0,0,0,0,0,0,0,0,0,0,NoValue,0,0,1
M 548,2.69,0,0,1,1,1,0,0,0,1,1,1,1,1,M 113,1,0,1
M 548 Skorpion,2.68,0,0,1,1,1,0,0,0,1,1,1,1,1,M 113,1,0,1
M 577,2.68,0,0,1,1,1,0,0,0,1,1,1,1,1,M 113,1,0,1
M 578,3.15,0,0,1,1,1,1,1,0,1,1,1,1,1,M 578,1,0,1
M 60 A1/A3,3.63,0,0,1,1,1,1,1,0,1,1,1,1,1,M 60,1,1,1
M 63 Palmen,2.21,1,1,0,0,0,0,0,0,0,0,0,0,0,NoValue,0,0,1
M 65,2.44,1,1,0,0,0,0,0,0,0,0,0,0,0,NoValue,0,0,1
M 777,2.77,1,1,0,0,0,0,0,0,0,0,0,0,0,NoValue,0,0,1
M 77 Dana,3,0,1,0,0,0,1,1,1,1,1,1,1,1,ShKH M 77 Dana,1,1,0
M 813,2.49,0,1,0,0,0,0,0,1,0,1,0,0,0,M 813,0,0,0
M 84,2.42,1,1,0,0,0,0,0,0,0,0,0,0,0,NoValue,0,0,1
M 84 MBT,3.57,0,0,1,1,1,1,1,0,1,1,1,1,1,T-72,1,1,1
M 88,3.6,0,0,1,1,1,0,0,0,1,1,1,1,1,NoValue,1,1,1
M 88 A2 Hercules,3.6,0,0,1,1,1,0,0,0,1,1,1,1,1,NoValue,1,1,1
M 901 TOW,2.68,0,0,1,1,1,0,0,0,1,1,1,1,1,M 113,1,0,1
M 939,2.47,0,1,0,0,0,0,0,1,0,1,0,0,0,NoValue,0,0,0
M 93 Fox,2.98,0,1,0,0,0,0,0,1,1,1,0,1,1,Fuchs,1,0,0
M 992 FAASV,3.15,0,0,1,1,1,1,1,0,1,1,1,1,1,M 109,1,0,1
MAB 60 deck section,3.66,0,1,0,0,0,0,0,1,1,0,1,1,1,NoValue,1,0,0
MAN 10 to GL,2.5,0,1,0,0,0,0,0,1,0,1,0,0,0,MAN ,1,0,0
MAN 10 to tmil,2.5,0,1,0,0,0,0,0,1,0,1,0,0,0,NoValue,1,0,0
MAN 15 to GL Multi,2.5,0,1,0,0,0,0,0,1,0,1,0,0,0,MAN ,1,0,0
MAN 15 to Multi 2,2.5,0,1,0,0,0,0,0,1,0,1,0,0,0,MAN GL,0,0,0
MAN 5 to GL,2.5,0,1,0,0,0,0,0,1,0,1,0,0,0,MAN ,1,0,0
MAN 7 to GL,2.5,0,1,0,0,0,0,0,1,0,1,0,0,0,MAN ,1,0,0
MAN 7 to GL Kipper,2.5,0,1,0,0,0,0,0,1,0,1,0,0,0,MAN ,1,0,0
Marder A3/A5,3.38,0,0,1,1,1,1,1,0,1,1,1,1,1,Marder,1,0,1
MARS,3.25,0,0,1,1,1,0,0,0,1,1,1,1,1,M2/M3 Bradley,1,0,1
Mastiff,3.2,0,1,0,0,0,0,0,1,0,1,0,0,0,FPI Cougar,1,0,0
Mastiff 2,3.2,0,1,0,0,0,0,0,1,0,1,0,0,0,FPI Cougar,1,0,0
MAV-5  4x4 ,2,0,1,0,0,0,0,0,1,0,1,1,1,1,NoValue,1,0,0
MaxxPro MRAP,2.5,0,1,0,0,0,0,0,1,0,1,0,0,0,NoValue,1,0,0
MAZ-537,2.885,0,1,0,0,0,0,0,1,0,1,1,1,1,NoValue,1,0,0
MDK-2,3.17,0,0,1,1,1,0,0,0,1,1,1,1,1,NoValue,0,0,1
MDK-3,3.28,0,0,1,1,1,0,0,0,1,1,1,1,1,NoValue,0,0,1
Merkava MK 1,3.7,0,0,1,1,1,1,1,0,1,1,1,1,1,NoValue,1,0,1
Merkava MK 2,3.7,0,0,1,1,1,1,1,0,1,1,1,1,1,NoValue,1,0,1
Merkava MK 3,3.7,0,0,1,1,1,1,1,0,1,1,1,1,1,NoValue,1,0,1
Merkava MK 4,3.7,0,0,1,1,1,1,1,0,1,1,1,1,1,NoValue,1,0,1
Mirador (CROTALE),2.72,0,1,0,0,0,0,0,1,1,1,1,1,1,NoValue,0,1,0
Mowag Eagle I / II,2.28,0,1,0,0,0,1,1,1,0,1,0,0,0,NoValue,1,0,0
Mowag Eagle IV (DEU),2.16,0,1,0,0,0,0,0,1,0,1,0,0,0,NoValue,0,0,0
MSFV ASV APC,-1,0,1,0,0,0,1,1,1,1,1,0,1,1,MSFV,1,1,0
MT-12,1.79,1,1,0,0,0,0,0,0,0,0,0,0,0,NoValue,0,0,1
MT-LB,2.86,0,0,1,1,1,1,1,0,1,1,1,1,1,MTLB,1,0,1
MTU-20,3.3,0,0,1,1,1,0,0,0,1,1,1,1,1,T-54/55,1,1,1
Mungo,1.94,0,1,0,0,0,0,0,1,0,1,1,0,0,NoValue,0,0,0
NASAMS Launcher (AMRAAM),-1,0,1,0,0,0,0,0,1,0,1,1,1,1,NoValue,0,0,0
NASAMS RADAR 3D,2.5,1,1,0,0,0,0,0,1,0,0,1,1,1,NoValue,0,0,1
NODONG-1,3,0,1,0,0,0,0,0,1,0,1,1,1,1,NoValue,0,0,0
Norinco WZ 551 Mortar,2.86,0,1,0,0,0,1,1,1,1,1,0,1,1,Norinco WZ551,1,0,0
ODD GROUP,4.5,1,1,0,0,0,0,0,0,0,0,1,1,1,NoValue,0,0,1
ODD PAIR,4.2,1,1,0,0,0,0,0,0,0,0,0,0,0,NoValue,0,0,1
ORION/ VEGA,2.69,0,1,0,0,0,0,0,1,0,1,0,0,0,NoValue,0,0,0
Oshkosh M-ATV MRAP,2.49,0,1,0,0,0,0,0,1,0,1,0,0,0,NoValue,1,0,0
OT-62 A,3.14,0,0,1,1,1,0,0,0,1,1,1,1,1,NoValue,1,1,1
OT-62 B,3.14,0,0,1,1,1,1,1,0,1,1,1,1,1,NoValue,1,1,1
OT-62 C,3.14,0,0,1,1,1,1,1,0,1,1,1,1,1,NoValue,1,1,1
OT-64 A,2.55,0,1,0,0,0,0,0,1,1,1,1,1,1,NoValue,1,0,0
OT-64 B,2.55,0,1,0,0,0,0,0,1,1,1,1,1,1,NoValue,1,0,0
OT-64 C1 / Skot-2A,2.55,0,1,0,0,0,1,1,1,1,1,1,1,1,NoValue,1,0,0
OT-64 C2 / Skot-2AP,2.55,0,1,0,0,0,1,1,1,1,1,1,1,1,NoValue,1,0,0
Otokar Cobra,1.91,0,1,0,0,0,1,1,1,0,1,1,1,1,NoValue,1,0,0
Palmaria,3.35,0,0,1,1,1,1,1,0,1,1,0,1,1,OF-40,1,1,1
Pandur 6x6 (MICV 127),-1,0,1,0,0,0,1,1,1,1,0,1,1,1,NoValue,1,0,0
Pandur I  6x6 APC,-1,0,1,0,0,0,1,1,1,1,0,1,1,1,NoValue,1,0,0
Panhard 4x4 VPS,2.21,0,1,0,0,0,0,0,1,0,1,1,1,1,NoValue,0,0,0
Panther CLV Command and Liasion Vehicle ,2,0,1,0,0,0,0,0,1,0,1,0,0,0,LMV Iveco,1,0,0
Panzerhaubitze 2000,3.58,0,0,1,1,1,1,1,0,1,1,1,1,1,NoValue,1,0,1
PAT HAND,3.25,0,0,1,1,1,0,0,0,1,1,1,1,0,SA-4,1,0,1
Patria AMV ,2.8,0,1,0,0,0,1,1,1,1,1,1,1,1,Patria,1,0,0
Patriot AMA auf MAN 7 to GL ,2.5,0,1,0,0,0,0,0,1,0,1,0,0,0,Patriot SAM,1,0,0
Patriot AMG auf M 943 ,2.47,0,1,0,0,0,0,0,1,0,1,0,0,0,Patriot SAM,0,0,0
Patriot DEU,-1,0,0,0,0,0,0,0,1,0,0,0,0,0,Patriot SAM,0,0,0
Patriot ECS auf MAN 7to GL,2.5,0,1,0,0,0,0,0,1,0,1,0,0,0,Patriot SAM,1,0,0
Patriot EPP auf MAN 7to GL,2.5,0,1,0,0,0,0,0,1,0,1,0,0,0,Patriot SAM,1,0,0
Patriot EPU auf 2 Achsanhänger ,-1,1,1,0,0,0,0,0,0,0,0,0,0,0,Patriot SAM,0,0,0
Patriot ICC auf MAN 5 to GL,2.5,0,1,0,0,0,0,0,1,0,1,0,0,0,Patriot SAM,1,0,0
Patriot Launcher auf MAN 15 to GL ,2.74,0,1,0,0,0,0,0,1,0,1,0,0,0,Patriot SAM,1,0,0
Patriot Launcher auf Sattelauflieger ,-1,1,1,0,0,0,0,0,0,0,0,0,0,0,Patriot SAM,0,0,0
Patriot Multifunktionsradar  auf MAN 15 to GL ,2.74,0,1,0,0,0,0,0,1,0,1,0,0,0,Patriot SAM,1,0,0
Patriot Multifunktionsradar auf Sattelauflieger ,-1,1,1,0,0,0,0,0,0,0,0,0,0,0,Patriot SAM,0,0,0
Patriot Resupply auf MAN 15 to GL ,2.74,0,1,0,0,0,0,0,1,0,1,0,0,0,Patriot SAM,1,0,0
Pegasus K-SAM,3.4,0,0,1,1,1,1,1,0,1,1,1,1,1,NoValue,1,0,1
Piranha 6x6 Mowak,2.5,0,1,0,0,0,0,0,0,1,1,0,1,1,Piranha MOWAG,1,0,0
Pizarro (Ulan),3.15,0,0,1,1,1,1,1,0,1,1,1,1,1,ASCOD,1,0,1
PMP deck section auf Kraz 255 / 255B,-1,0,1,0,0,0,0,0,1,0,1,0,0,0,KRAZ 214 / 255,0,0,0
PMP ramp section auf Kraz 255 / 255B,-1,0,1,0,0,0,0,0,1,0,1,0,0,0,KRAZ 214 / 255,0,0,0
PMS auf Tatra 813,-1,0,1,0,0,0,0,0,1,0,1,0,0,0,Tatra 813,1,0,0
PPRU-M1-2,2.85,0,0,1,1,1,0,0,0,1,1,1,1,1,MTLBu,1,0,1
PRP-3,2.14,0,0,1,1,1,1,1,0,1,1,1,1,1,BMP,1,0,1
PRP-4,2.14,0,0,1,1,1,1,1,0,1,1,1,1,1,BMP,1,0,1
PRTL / Cheetah / CA 1,3.71,0,0,1,1,1,1,1,0,1,1,1,1,0,Leopard 1,1,1,1
PT-76,3.14,0,0,1,1,1,1,1,0,1,1,0,1,1,NoValue,1,0,1
PT-91 Twardy,3.59,0,0,1,1,1,1,1,0,1,1,1,1,1,T-72,1,1,1
Puma 6x6,2.3,0,1,0,0,0,0,0,1,1,1,1,1,1,NoValue,1,0,0
Pz 87,3.7,0,0,1,1,1,1,1,0,1,1,1,1,1,Leopard 2,1,1,1
RANGER Pick Up,-1,0,1,0,0,0,0,0,1,0,0,0,0,0,NoValue,0,0,0
Rapier Blindfire ,-1,1,1,0,0,0,0,0,1,0,0,1,1,0,NoValue,0,0,0
Rapier Blindfire FSC,-1,1,1,0,0,0,0,0,1,0,0,0,0,0,NoValue,0,0,0
Rapier EO Tracker,-1,0,0,0,0,0,0,0,0,0,0,0,0,0,NoValue,0,0,0
Rapier FSC Dagger ,-1,1,1,0,0,0,0,0,1,0,0,0,1,1,NoValue,0,0,0
Rapier FSC Launcher,-1,1,1,0,0,0,1,1,1,0,0,0,1,1,NoValue,0,0,0
Rapier Launcher,-1,1,1,0,0,0,0,0,1,0,0,1,1,1,NoValue,0,0,0
RG 31Charger,2.47,0,1,0,0,0,0,0,1,0,1,1,0,0,RG 31,1,0,0
RG32 CMD 4x4,2.2,0,1,0,0,0,0,0,1,1,1,1,1,1,RG-Serie,1,0,0
RG32 M,2.14,0,1,0,0,0,0,0,1,0,1,1,1,1,RG32,1,0,0
RG33L MRAP 6x6,-1,0,1,0,0,0,1,1,1,1,1,1,1,1,MRAP,1,0,0
RG33 MMPV 6x6 EOD,-1,0,1,0,0,0,1,1,1,1,1,1,1,1,MRAP,1,0,0
RG33 MRAP 4x4,2.44,0,1,0,0,0,1,1,1,0,1,0,1,1,RG33,1,0,0
RG33 MRAP Ambulance 6x6,-1,0,1,0,0,0,0,0,1,1,1,1,1,1,MRAP,1,0,0
Ribbon deck section auf M 812,-1,0,1,0,0,0,0,0,1,0,1,0,0,0,M 812,0,0,0
Ribbon ramp section auf M 812,-1,0,1,0,0,0,0,0,1,0,1,0,0,0,M 812,0,0,0
RM 70,2.55,0,1,0,0,0,0,0,1,0,1,0,0,0,NoValue,1,0,0
RM 70 / 85,2.6,0,1,0,0,0,0,0,1,0,1,0,0,0,NoValue,1,0,0
Roland 2 AMX,3.15,0,0,1,1,1,1,1,0,1,1,1,1,1,Roland,1,1,1
Roland 2 Marder,3.24,0,0,1,1,1,1,1,0,1,1,1,1,1,Roland,1,0,1
Roland 2  Wheeled 8x8,2.5,0,1,0,0,0,1,1,1,0,1,0,0,0,NoValue,1,0,0
Rooikat 105mm,2.9,0,1,0,0,0,1,1,1,1,1,1,1,1,Rooikat,1,1,0
Rooikat 76mm,2.9,0,1,0,0,0,1,1,1,1,1,1,1,1,Rooikat,1,1,0
SA-10 A GRUMBLE,-1,1,1,0,0,0,0,0,0,0,0,0,0,0,S-300P,0,0,0
SA-10 B GRUMBLE,3.05,0,1,0,0,0,0,0,1,0,1,1,1,1,S-300P,0,0,0
SA-10 C GRUMBLE. Trailer,2.75,1,1,0,0,0,0,0,1,0,1,1,1,1,S-300P,0,0,0
SA-10 GRUMBLE Site,-1,0,0,0,0,0,0,0,0,0,0,0,0,0,S-300P,0,0,0
SA-11 GADFLY,3.6,0,0,1,1,1,1,1,0,1,1,1,1,1,SA-11,1,1,1
SA-11 GADFLY CMD,3.25,0,0,1,1,1,0,0,0,1,1,1,1,1,NoValue,1,1,1
SA-11 GADFLY LoaderLaucher,3.6,0,0,1,1,1,1,1,0,1,1,1,1,1,SA-11,1,1,1
SA-12 / SA-23 Command Vehicle,3.6,0,0,1,1,1,0,0,0,1,1,1,1,1,NoValue,0,1,1
SA-12 A GLADIATOR,3.6,0,0,1,1,1,0,0,0,1,1,1,1,1,S-300V,0,1,1
SA-12 A GLADIATOR LoaderLauncher,3.6,0,0,1,1,1,0,0,0,1,1,1,1,1,S-300V,0,1,1
SA-12 B GIANT,3.6,0,0,1,1,1,0,0,0,1,1,1,1,1,S-300V,0,1,1
SA-12 B GIANT LoaderLauncher,3.6,0,0,1,1,1,0,0,0,1,1,1,1,1,S-300V,0,1,1
SA-13 GOPHER ,2.86,0,0,1,1,1,0,0,0,1,1,1,1,1,MTLB,1,0,1
SA-15 A GAUNTLET,3.3,0,0,1,1,1,1,1,0,1,1,1,1,1,SA-15,1,1,1
SA-15 B/C GAUNTLET / Tor-M1,3.3,0,0,1,1,1,1,1,0,1,1,1,1,1,SA-15,1,1,1
SA-15 B GAUNTLET / Tor-M1T,2.8,1,1,0,0,0,1,1,1,0,1,1,1,1,SA-15,0,0,0
SA-15 D GAUNTLET / Tor-M2E,3.3,0,1,0,0,0,1,1,1,0,1,1,1,1,NoValue,1,1,0
SA-15 D GAUNTLET / Tor-M2U,3.3,0,0,1,1,1,1,1,0,1,1,1,1,1,SA-15,1,1,1
SA-15 GAUNTLET Transloader,2.69,0,1,0,0,0,0,0,1,0,1,0,0,0,SA-15,0,0,0
SA-17 GRIZZLY,3.3,0,0,1,1,1,1,1,0,1,1,1,1,1,SA-17,1,1,1
SA-17 GRIZZLY CMD,3.25,0,0,1,1,1,0,0,0,1,1,1,1,1,NoValue,1,1,1
SA-17 GRIZZLY Loader Launcher,3.6,0,0,1,1,1,1,1,0,1,1,1,1,1,SA-17,1,1,1
SA-19 GRISON ,3.24,0,0,1,1,1,1,1,0,1,1,1,1,1,NoValue,1,1,1
SA-20 A GARGOYLE,3.05,0,1,0,0,0,0,0,1,0,1,1,1,1,S-300P,0,0,0
SA-20 A GARGOYLE. Trailer ,2.75,1,1,0,0,0,0,0,1,0,1,1,1,1,S-300P,0,0,0
SA-20 B GARGOYLE,3.05,0,1,0,0,0,0,0,1,0,1,1,1,1,S-300P,0,0,0
SA-20 B GARGOYLE.Trailer,2.75,1,1,0,0,0,0,0,1,0,1,1,1,1,S-300P,0,0,0
SA-21 GROWLER,-1,0,1,0,0,0,0,0,1,0,1,1,1,1,S-300P,1,0,0
SA-21 GROWLER CommandPost,2.5,0,1,0,0,0,0,0,1,0,1,1,1,1,NoValue,1,0,0
SA-21 GROWLER Loader,2.5,0,1,0,0,0,0,0,1,0,1,1,1,1,NoValue,1,0,0
SA-21 GROWLER Missile Transporter,-1,0,1,0,0,0,0,0,1,0,1,1,1,1,S-300P,1,0,0
SA-22 GREYHOUND KAMAZ,2.5,0,1,0,0,0,1,1,1,0,1,1,1,1,NoValue,0,0,0
SA-22 GREYHOUND MAN,2.55,0,1,0,0,0,1,1,1,0,1,1,1,1,NoValue,0,0,0
SA-23 A GLADIATOR,3.6,0,0,1,1,1,0,0,0,1,1,1,1,1,S-300V,0,1,1
SA-23 A GLADIATOR LoaderLauncher,3.6,0,0,1,1,1,0,0,0,1,1,1,1,1,S-300V,0,1,1
SA-23 B GIANT,3.6,0,0,1,1,1,0,0,0,1,1,1,1,1,S-300V,0,1,1
SA-23 B GIANT LoaderLauncher,3.6,0,0,1,1,1,0,0,0,1,1,1,1,1,S-300V,0,1,1
SA-2 GUIDELINE,-1,0,0,0,0,0,0,0,0,0,0,0,0,0,SA-2 Guideline,0,0,0
SA-2 GUIDELINE (S 75) Resupply Vehicle,2.45,1,1,0,0,0,0,0,1,0,1,0,0,0,SA 2,0,0,0
SA-2 GUIDELINE Launcher,0.7,0,0,0,0,0,0,0,0,0,0,1,0,0,SA-2 Guideline,0,0,1
SA-2 Oxidizer transfer vehicle,-1,0,1,0,0,0,0,0,1,0,0,0,0,0,Kraz-214,1,0,0
SA-2 Site,-1,0,0,0,0,0,0,0,0,0,0,0,0,0,SA-2 Guideline,0,0,0
SA-3 GOA,-1,0,0,0,0,0,0,0,0,0,0,0,0,0,SA-3,0,0,0
SA-3 GOA ,3.27,0,0,1,1,1,0,0,0,1,1,1,1,1,SA 3 GOA,1,1,1
SA-3 GOA 2-Rail Launcher,0.55,0,0,0,0,0,0,0,0,0,0,1,0,0,SA 3 GOA,0,0,1
SA-3 GOA 4-Rail Launcher,-1,0,0,0,0,0,0,0,0,0,0,1,0,0,SA 3 GOA,0,0,0
0,0,-1,-1,0,0,-1,0,0,0,-1,0,0,0,0,ZIl 131,0,0,0
SA-3 Site,-1,0,0,0,0,0,0,0,0,0,0,0,0,0,SA-3 GOA,0,0,0
SA-4 GANEF Missile,-1,0,0,0,0,0,0,0,0,0,0,0,0,0,SA-4,0,0,0
SA-4 GANEF Resupply Veh,2.5,0,1,0,0,0,0,0,1,0,1,1,1,1,SA-4,0,0,0
SA-4 GANEF TEL,2.6,0,0,1,1,1,0,0,0,1,1,1,1,1,SA-4,1,0,1
SA-4 GANEF Transloader,3.08,0,1,0,0,0,0,0,1,0,1,0,0,0,SA-4,0,0,0
SA-4 Site,-1,0,0,0,0,0,0,0,0,0,0,0,0,0,SA-4,0,0,0
SA-5 GAMMON,3,0,0,0,0,0,0,0,0,0,0,1,0,1,SA-5,0,0,1
SA-5 GAMMON ,3,1,1,0,0,0,0,0,0,0,0,1,0,1,SA-5,0,0,1
SA-5 GAMMON  Resupply Veh,2.8,0,1,0,0,0,0,0,1,0,1,1,1,1,SA-5,0,0,0
SA-5 GAMMON  Site,-1,0,0,0,0,0,0,0,0,0,0,0,0,0,SA-5,0,0,0
SA-6 Cannister Transporter,-1,0,1,0,0,0,0,0,1,0,1,0,0,0,ZIL 157 KV,0,0,0
SA-6 GAINFUL ,-1,0,0,0,0,0,0,0,0,0,0,0,0,0,SA 6,0,0,0
SA-6 GAINFUL TEL,3.04,0,0,1,1,1,1,1,0,1,1,1,1,1,SA 6,1,1,1
SA-6 GAINFUL Transloader,-1,0,1,0,0,0,0,0,1,0,1,0,0,0,ZIL 131,0,0,0
SA-8 B GECKO,2.75,0,1,0,0,0,1,1,1,1,1,0,1,1,SA-8,1,1,0
SA-8 Collimator,2.75,0,1,0,0,0,0,0,1,1,1,0,1,1,SA-8,1,1,0
SA-8 Transloader,2.75,0,1,0,0,0,0,0,1,1,1,0,1,1,SA-8,1,1,0
SA-9 GASKIN ZRK BD Strela 1,2.4,0,1,0,0,0,0,0,1,1,1,0,1,1,NoValue,1,1,0
Sabre CVR(T),2.24,0,0,1,1,1,1,1,0,1,1,1,1,1,NoValue,1,0,1
Samaritan,2.24,0,0,1,1,1,0,0,0,1,1,1,1,1,FV 100er,1,0,1
Samson,2.43,0,0,1,1,1,0,0,0,1,1,1,1,1,FV 100er,1,0,1
Saracen ,2.54,0,1,0,0,0,1,1,1,0,1,1,1,1,NoValue,1,0,0
Saxon,2.49,0,1,0,0,0,0,0,1,0,1,1,1,1,NoValue,1,0,0
Scimitar,2.24,0,0,1,1,1,1,1,0,1,1,1,1,1,FV 100er,1,0,1
Score Board A,-1,0,0,0,0,0,0,0,0,0,0,0,0,0,NoValue,0,0,0
Scorpion,2.24,0,0,1,1,1,1,1,0,1,1,1,1,1,FV 100er,1,0,1
Scorpion 90,2.23,0,0,1,1,1,1,1,0,1,1,1,1,1,FV 100er,1,0,1
SIDE NET,-1,1,1,0,0,0,0,0,0,0,0,0,0,0,NoValue,0,0,0
SLT 50/56 Elefant ,3.15,0,1,0,0,0,0,0,1,0,1,0,0,0,NoValue,1,0,0
Smerch BM 30,3.05,0,1,0,0,0,0,0,1,0,1,0,0,0,MAZ 543,0,0,0
Smerch M Transloader,3.13,0,1,0,0,0,0,0,1,0,1,0,0,0,MAZ 543,0,0,0
SNAR-10,2.86,0,0,1,1,1,1,1,0,1,1,1,1,1,MTLB,1,0,1
SNOW DRIFT,3.25,0,0,1,1,1,1,1,0,1,1,1,1,1,NoValue,1,1,1
SPADA 2000,-1,0,0,0,0,0,0,0,0,0,0,1,1,1,NoValue,0,0,0
Spartan,2.24,0,0,1,1,1,0,0,0,1,1,1,1,1,FV 100er,1,0,1
Spartan MCT,2.24,0,0,1,1,1,0,0,0,1,1,1,1,1,FV 100er,1,0,1
SPM-3 ,250,0,1,0,0,0,0,0,1,0,1,1,1,1,MRAP,1,0,0
SPOON REST A ,-1,0,1,0,0,0,0,0,1,0,1,0,0,0,SPOON REST,0,0,0
SPOON REST D,-1,0,1,0,0,0,0,0,1,0,1,0,0,0,SPOON REST,0,0,0
SQUARE PAIR,-1,1,1,0,0,0,0,0,0,0,0,0,0,0,NoValue,0,0,0
SQUAT EYE,-1,1,0,0,0,0,0,0,0,0,0,0,0,0,NoValue,0,0,0
SS1C SCUD B,3,0,1,0,0,0,0,0,1,0,1,1,1,1,NoValue,0,0,0
SS1C SCUD B RESUPPLY Veh.,3,0,1,0,0,0,0,0,1,0,1,1,1,1,NoValue,0,0,0
SS 21 Scarab ,2.78,0,1,0,0,0,0,0,1,1,0,0,1,1,NoValue,1,0,0
SS-21 SCARAB Transloader,2.78,0,1,0,0,0,0,0,1,1,0,0,1,1,NoValue,1,0,0
SS-25 Combat Support and Refueling Veh,3.4,0,1,0,0,0,0,0,1,0,1,1,1,1,NoValue,0,0,0
SS-25 Sickle,3.4,0,1,0,0,0,0,0,1,0,1,1,1,1,NoValue,0,0,0
SS-26 STONE TEL,3.1,0,1,0,0,0,0,0,1,0,1,1,1,1,NoValue,0,0,0
SS-26 STONE Transloader,3.1,0,1,0,0,0,0,0,1,0,1,1,1,1,NoValue,0,0,0
SS-27 Combat Support and Refueling Vehicle,3.4,0,1,0,0,0,0,0,1,0,1,1,1,1,NoValue,0,0,0
SS-27 Mod.2 SICKLE B,3.4,0,1,0,0,0,0,0,1,0,1,1,1,1,NoValue,0,0,0
Stormer,2.76,0,0,1,1,1,0,0,0,1,1,1,1,1,FV 100er,1,0,1
STRAIGHT FLUSH,3.73,0,0,1,1,1,0,0,0,1,1,0,1,1,SA 6,1,1,1
Striker ATGW,2.28,0,0,1,1,1,0,0,0,1,1,1,1,1,FV 100er,1,0,1
Strv 121,3.7,0,0,1,1,1,1,1,0,1,1,1,1,1,Leopard 2,1,1,1
Strv 122 ,3.75,0,0,1,1,1,1,1,0,1,1,1,1,1,Leopard 2,1,1,1
Sultan,2.25,0,0,1,1,1,0,0,0,1,1,1,1,1,FV 100er,1,0,1
T-14 ARMATA,3.5,0,0,1,1,1,1,1,0,1,1,1,1,1,ARMATA,1,1,1
T-15 BMP ARMATA,3.5,0,0,0,1,1,1,1,0,1,1,1,1,1,ARMATA,1,0,1
T-34-85,3.02,0,0,1,1,1,1,1,0,1,1,1,1,1,NoValue,1,1,1
T-54/55,3.27,0,0,1,1,1,1,1,0,1,1,1,1,1,T-54/55,1,1,1
T-55 AD Drozd,3.27,0,0,1,1,1,1,1,0,1,1,1,1,1,T-54/55,1,1,1
T-55 AM-2,3.27,0,0,1,1,1,1,1,0,1,1,1,1,1,T-54/55,1,1,1
T-55 MV/AMV,3.27,0,0,1,1,1,1,1,0,1,1,1,1,1,T-54/55,1,1,1
T-55 T1,3.27,0,0,1,1,1,0,0,0,1,1,1,1,1,T-54/55,1,1,1
T-55 T2,-1,0,0,1,1,1,0,0,0,1,1,1,1,1,T-54/55,1,1,0
T-62,3.3,0,0,1,1,1,1,1,0,1,1,1,1,1,T-62,1,1,1
T-62 M/M1,3.3,0,0,1,1,1,1,1,0,1,1,1,1,1,T-62,1,1,1
T-62 MV,3.3,0,0,1,1,1,1,1,0,1,1,1,1,1,T-62,1,1,1
T-64 A,3.38,0,0,1,1,1,1,1,0,1,1,1,1,1,T-64,1,1,1
T-64 AK,3.38,0,0,1,1,1,1,1,0,1,1,1,1,1,T-64,1,1,1
T-64 B,3.38,0,0,1,1,1,1,1,0,1,1,1,1,1,T-64,1,1,1
T-64 BV,3.38,0,0,1,1,1,1,1,0,1,1,1,1,1,T-64,1,1,1
T-72 A/M,3.59,0,0,1,1,1,1,1,0,1,1,1,1,1,T-72,1,1,1
T-72 AG,3.59,0,0,1,1,1,1,1,0,1,1,1,1,1,T-72,1,1,1
T-72 AV,3.59,0,0,1,1,1,1,1,0,1,1,1,1,1,T-72,1,1,1
T-72 B,3.59,0,0,1,1,1,1,1,0,1,1,1,1,1,T-72,1,1,1
T-72 B1,3.59,0,0,1,1,1,1,1,0,1,1,1,1,1,T-72,1,1,1
T-72 BM,3.59,0,0,1,1,1,1,1,0,1,1,1,1,1,T-72,1,1,1
T-72 Driver Training (FAP 72),3.59,0,0,1,1,1,0,0,0,1,1,1,1,1,T-72,1,1,1
T-72 K,3.59,0,0,1,1,1,1,1,0,1,1,1,1,1,T-72,1,1,1
T-72 S,3.59,0,0,1,1,1,1,1,0,1,1,1,1,1,T-72,1,1,1
T-80 B,3.4,0,0,1,1,1,1,1,0,1,1,1,1,1,T-80,1,1,1
T-80 BV,3.4,0,0,1,1,1,1,1,0,1,1,1,1,1,T-80,1,1,1
T-80 U,3.4,0,0,1,1,1,1,1,0,1,1,1,1,1,T-80,1,1,1
T-80 UD,3.4,0,0,1,1,1,1,1,0,1,1,1,1,1,T-80,1,1,1
T-80 U Drozd,3.4,0,0,1,1,1,1,1,0,1,1,1,1,1,T-80,1,1,1
T-80 UK,3.4,0,0,1,1,1,1,1,0,1,1,1,1,1,T-80,1,1,1
T-80 UM,3.4,0,0,1,1,1,1,1,0,1,1,1,1,1,T-80,1,1,1
T-80 UM1,3.4,0,0,1,1,1,1,1,0,1,1,1,1,1,T-80,1,1,1
T-80 UM2,3.4,0,0,1,1,1,1,1,0,1,1,1,1,1,T-80,1,1,1
T-84,3.77,0,0,1,1,1,1,1,0,1,1,1,1,1,T-84,1,1,1
T-84-120 Yatagan,3.77,0,0,1,1,1,1,1,0,1,1,1,1,1,T-84,1,1,1
T-84 U,3.77,0,0,1,1,1,1,1,0,1,1,1,1,1,T-84,1,1,1
T-84 U Oplot,3.77,0,0,1,1,1,1,1,0,1,1,1,1,1,T-84,1,1,1
T-90,3.78,0,0,1,1,1,1,1,0,1,1,1,1,1,T-72,1,1,1
T-90 S,3.78,0,0,1,1,1,1,1,0,1,1,0,1,1,T-72,1,1,1
TAB 71,-1,0,1,0,0,0,0,0,0,0,0,0,0,0,NoValue,0,0,0
TAB-77,2.8,0,1,0,0,0,1,1,1,1,1,0,1,1,BTR 70,1,1,0
TAB 77 Recovery,2.8,0,1,0,0,0,0,0,1,1,1,0,1,1,BTR 70,1,1,0
TALL KING,30,1,1,0,0,0,0,0,0,0,0,0,0,0,NoValue,0,0,0
TAM (TH 301),3.29,0,0,1,1,1,1,1,0,1,1,1,1,1,NoValue,1,0,1
Tatra 813,2.5,0,1,0,0,0,0,0,1,0,1,0,0,0,Tatra 813,1,0,0
Tatra 815 8x8,2.5,0,1,0,0,0,0,0,1,0,1,0,0,0,Tatra 815,1,0,0
THIN SKIN,1.4,0,1,0,0,0,0,0,1,0,1,1,1,1,NoValue,0,0,0
TIN SHIELD,-1,1,1,0,0,0,0,0,1,0,0,1,1,1,NoValue,0,0,0
TMM-4,2.75,0,1,0,0,0,0,0,1,0,1,0,0,0,NoValue,0,0,0
TMS-65,2.6,0,1,0,0,0,0,0,1,0,1,1,0,0,NoValue,0,0,0
TOMBSTONE,-1,0,1,0,0,0,0,0,1,0,1,1,1,1,NoValue,0,0,0
TOS-1A Kaunas,3.6,0,0,1,1,1,0,0,0,1,1,1,1,1,NoValue,1,1,1
TOS-1 BURATINO,3.6,0,0,1,1,1,0,0,0,1,1,1,1,1,NoValue,1,1,1
Toyota Kombi,-1,0,1,0,0,0,0,0,1,0,0,1,1,1,NoValue,0,0,0
TRASH CAN,2.5,0,1,0,0,0,0,0,1,0,1,0,0,0,NoValue,1,0,0
TRM L (2D) Roland 2,2.5,0,1,0,0,0,0,0,1,0,1,0,0,0,MAN ,1,0,0
Type 56,1.73,1,1,0,0,0,0,0,0,0,0,0,0,0,NoValue,0,0,1
Type 59-1 130mm towed gun,2.42,1,1,0,0,0,0,0,0,0,0,0,0,0,M 46/ M 1954,0,0,1
Type 59 I,3.27,0,0,1,1,1,1,1,0,1,1,1,1,1,T-54/55,1,1,1
Type 60 towed gun,2.35,1,1,0,0,0,0,0,0,0,0,0,0,0,NoValue,0,0,1
Type 66,2.4,1,1,0,0,0,0,0,0,0,0,0,0,0,NoValue,0,0,1
Type 81 Rocket Laucher,-1,0,1,0,0,0,0,0,1,0,1,0,0,0,BM-21,0,0,0
Type 87,3.18,0,0,1,1,1,1,1,0,1,1,1,1,1,Type 74,1,1,1
Type 88 K1,-1,0,0,1,0,0,0,0,0,0,0,0,0,0,NoValue,0,0,0
Type 96,3.4,0,0,1,1,1,1,1,0,1,1,1,1,1,T-72,1,1,1
Type 96 G,3.4,0,0,1,1,1,1,1,0,1,1,1,1,1,TYPE-96,1,1,1
Type 98 MBT,3.4,0,0,1,1,1,1,1,0,1,1,1,1,1,Type-98,1,1,1
Type 99 Command Vehicle,-1,0,0,1,1,1,0,0,0,1,1,1,1,1,NoValue,1,0,0
Type 99 MBT,3.4,0,0,1,1,1,1,1,0,1,1,1,1,1,Type-98,1,1,1
Ulan,3.0,0,0,1,1,1,1,1,0,1,1,1,1,1,ASCOD,1,0,1
Ural 375D,2.69,0,1,0,0,0,0,0,1,0,1,0,0,0,Ural 375,0,0,0
Ural 4320,2.69,0,1,0,0,0,0,0,1,0,1,0,0,0,Ural 375,0,0,0
VAB 4x4,2.49,0,1,0,0,0,0,0,1,1,1,0,1,1,VAB,1,0,0
VAB 6x6,2.49,0,1,0,0,0,0,0,1,1,1,0,1,1,VAB,1,0,0
VBL Panhard,2.02,0,1,0,0,0,0,0,1,1,1,1,1,1,NoValue,1,0,0
VBL Panhard M 11,2.02,0,1,0,0,0,0,0,1,1,1,1,1,1,NoValue,1,0,0
VPK-7829  Bumerang,-1,0,1,0,0,0,1,1,1,1,1,0,1,1,NoValue,1,0,0
WALID,2.57,0,1,0,0,0,0,0,1,0,1,1,1,1,NoValue,0,0,0
Warrior,3.03,0,0,1,1,1,1,1,0,1,1,1,1,1,FV 510,1,0,1
Warrior Desert,3.03,0,0,1,1,1,1,1,0,1,1,1,1,1,FV 510,1,0,1
Warrior ISV Infantry Section Vehicle,3.03,0,0,1,1,1,1,1,0,1,1,1,1,1,FV 510,1,0,1
Warrior MCRV Mechanized Combat Repair Vehicle,3.03,0,0,1,1,1,1,1,0,1,1,1,1,1,Warrior,1,0,1
Warrior MRV(R) Mechanized Recovery Vehicle (Repair),-1,0,0,1,1,1,0,0,0,1,0,1,0,1,FV 510,0,0,0
Wiesel 1 MK,1.82,0,0,1,1,1,1,1,0,1,1,1,1,1,Wiesel,1,0,1
Wiesel 1 TOW,1.82,0,0,1,1,1,0,0,0,1,1,1,1,1,Wiesel,1,0,1
Wiesel 2 Ozelot HARD 3D Command Post,1.82,0,0,1,1,1,0,0,0,1,1,1,1,1,Wiesel,1,0,1
Wiesel 2 Ozelot TELAR ,1.82,0,0,1,1,1,0,0,0,1,1,1,1,1,NoValue,1,0,1
Wiesel 2 San,1.82,0,0,1,1,1,0,0,0,1,1,1,1,1,Wiesel,1,0,1
WZT-3M,3.27,0,0,1,1,1,0,0,0,0,1,0,0,0,PT-91,1,0,0
XA 180 / SISU,2.95,0,1,0,0,0,0,0,1,1,1,1,1,1,XA 180,1,0,0
XA 180 / SISU Ambulance,2.95,0,1,0,0,0,0,0,1,1,1,1,1,1,XA 180,1,0,0
XA 185,2.95,0,1,0,0,0,0,0,1,1,1,1,1,1,XA 180,1,0,0
YPR 765 PRI,2.81,0,0,1,1,1,1,1,0,1,1,1,1,1,NoValue,1,0,1
ZIL 131 ,2.5,0,1,0,0,0,0,0,1,0,1,0,0,0,ZIL 131,0,0,0
ZIL 135,2.8,0,1,0,0,0,0,0,1,0,1,1,0,1,ZIL 135,0,0,0
ZSU 23-4 Shilka,2.95,0,0,1,1,1,1,1,0,1,1,1,1,1,NoValue,1,1,1
ZSU 57-2,3.27,0,0,1,1,0,1,1,0,1,1,1,1,1,T-54/55,1,1,1
Zubr-MMSR,2.45,0,1,0,0,0,0,0,1,0,1,1,1,1,NoValue,1,0,0
Zubr  MRAP,2.45,0,1,0,0,0,0,0,1,0,1,1,1,1,NoValue,1,0,0
Zubr-P  POPRAD,2.45,0,1,0,0,0,1,1,1,0,1,1,1,1,NoValue,1,0,0
Zubr-WD,2.45,0,1,0,0,0,0,0,1,0,1,1,1,1,NoValue,1,0,0
Zulfiqar,-1,0,0,1,1,1,1,0,0,1,1,0,0,0,NoValue,1,1,0
Zuzana,3.02,0,1,0,0,0,1,1,1,1,1,1,1,1,ShKH M 77 Dana,1,1,0
